dose,band,earnings_offset,inside_observed_data_range,system_loss_bn,first_round_bn,second_round_bn,n_breaching,pct_institutions_breaching,pct_system_assets_breaching,pct_system_assets_below_wellcap
0.05,low,False,True,42.34,8.64,33.69,32,0.37,0.03,1.47
0.05,low,True,True,42.34,8.64,33.69,32,0.37,0.03,0.05
0.05,high,False,True,99.43,11.83,87.6,38,0.44,0.03,1.49
0.05,high,True,True,99.43,11.83,87.6,38,0.44,0.03,0.07
0.1,low,False,True,86.97,17.15,69.81,39,0.45,0.03,1.49
0.1,low,True,True,86.97,17.15,69.81,39,0.45,0.03,0.07
0.1,high,False,True,204.99,23.48,181.51,54,0.63,0.04,1.6
0.1,high,True,True,204.99,23.48,181.51,54,0.63,0.04,0.16
0.25,low,False,True,230.26,41.87,188.4,69,0.8,0.07,1.67
0.25,low,True,True,230.26,41.87,188.4,68,0.79,0.05,0.22
0.25,high,False,True,547.13,57.3,489.83,246,2.86,4.02,6.31
0.25,high,True,True,547.13,57.3,489.83,242,2.82,1.55,2.56
0.5,low,False,False,523.46,80.33,443.13,268,3.12,4.06,6.4
0.5,low,True,False,523.46,80.33,443.13,264,3.07,1.59,2.65
0.5,high,False,False,1262.06,109.94,1152.13,1448,16.86,28.2,64.16
0.5,high,True,False,1262.06,109.94,1152.13,1313,15.29,9.93,28.8
0.75,low,False,False,558.52,115.4,443.13,380,4.42,4.26,6.95
0.75,low,True,False,558.52,115.4,443.13,377,4.39,1.95,5.45
0.75,high,False,False,1310.04,157.91,1152.13,1699,19.78,50.64,66.29
0.75,high,True,False,1310.04,157.91,1152.13,1543,17.97,10.8,30.33
