level,c,metric,n_areas,gini_of_rate,p90_p10_ratio,p10,p50,p90
PUMA,0.0,wage_at_risk_share,2462,0.92404,20.34904,0.0,0.0,0.00044
PUMA,0.0,mortgage_at_risk_share,2462,0.96973,26.08869,0.0,0.0,0.0
PUMA,0.0,rent_at_risk_share,2462,0.98067,28.72217,0.0,0.0,0.0
PUMA,0.2,wage_at_risk_share,2462,0.20361,2.65083,0.02373,0.04145,0.0629
PUMA,0.2,mortgage_at_risk_share,2462,0.21993,2.74809,0.02115,0.03669,0.05814
PUMA,0.2,rent_at_risk_share,2462,0.22425,3.03,0.03104,0.05841,0.09404
PUMA,0.3,wage_at_risk_share,2462,0.15342,2.01811,0.04299,0.06274,0.08676
PUMA,0.3,mortgage_at_risk_share,2462,0.17145,2.18288,0.03754,0.05702,0.08195
PUMA,0.3,rent_at_risk_share,2462,0.17328,2.29891,0.05207,0.08433,0.1197
PUMA,0.5,wage_at_risk_share,2462,0.10957,1.65045,0.09161,0.12067,0.1512
PUMA,0.5,mortgage_at_risk_share,2462,0.12277,1.76096,0.08172,0.10971,0.14391
PUMA,0.5,rent_at_risk_share,2462,0.12476,1.77302,0.10339,0.14317,0.1833
PUMA,0.8,wage_at_risk_share,2462,0.09604,1.56087,0.17019,0.22073,0.26564
PUMA,0.8,mortgage_at_risk_share,2462,0.09719,1.55034,0.15777,0.20061,0.24459
PUMA,0.8,rent_at_risk_share,2462,0.10023,1.58816,0.17772,0.23146,0.28225
PUMA,1.0,wage_at_risk_share,2462,0.09844,1.59599,0.21715,0.29078,0.34657
PUMA,1.0,mortgage_at_risk_share,2462,0.09382,1.54229,0.20657,0.26632,0.31859
PUMA,1.0,rent_at_risk_share,2462,0.0924,1.54105,0.21982,0.28156,0.33876
county,0.0,wage_at_risk_share,3143,0.90977,31.09569,0.0,0.0,0.00032
county,0.0,mortgage_at_risk_share,3143,0.96676,51.37675,0.0,0.0,0.0
county,0.0,rent_at_risk_share,3143,0.986,56.89444,0.0,0.0,0.0
county,0.2,wage_at_risk_share,3143,0.13843,1.8379,0.03474,0.04904,0.06385
county,0.2,mortgage_at_risk_share,3143,0.17662,2.25431,0.02712,0.04169,0.06114
county,0.2,rent_at_risk_share,3143,0.19546,2.42861,0.04214,0.06763,0.10234
county,0.3,wage_at_risk_share,3143,0.10741,1.63105,0.05153,0.06807,0.08405
county,0.3,mortgage_at_risk_share,3143,0.1388,1.91432,0.04286,0.06054,0.08205
county,0.3,rent_at_risk_share,3143,0.15602,1.99134,0.06332,0.09047,0.1261
county,0.5,wage_at_risk_share,3143,0.07333,1.38409,0.10654,0.12517,0.14746
county,0.5,mortgage_at_risk_share,3143,0.10062,1.59239,0.08882,0.1125,0.14144
county,0.5,rent_at_risk_share,3143,0.1131,1.66476,0.11083,0.14811,0.18451
county,0.8,wage_at_risk_share,3143,0.06055,1.3302,0.20097,0.24051,0.26732
county,0.8,mortgage_at_risk_share,3143,0.07351,1.40871,0.17725,0.21145,0.24969
county,0.8,rent_at_risk_share,3143,0.08268,1.44693,0.19528,0.23772,0.28256
county,1.0,wage_at_risk_share,3143,0.05866,1.3249,0.2731,0.32875,0.36183
county,1.0,mortgage_at_risk_share,3143,0.06524,1.35055,0.24568,0.29092,0.33181
county,1.0,rent_at_risk_share,3143,0.0736,1.39614,0.24625,0.29275,0.3438
