construct,phi_label,phi,d_annual,horizon,u_terminal,D_cum,h_eff_terminal,inside_observed
embodied_only,0,0.0,0.005,2,0.04123,0.00998,0.68745,True
embodied_only,0,0.0,0.005,5,0.041,0.02479,0.69026,True
embodied_only,0,0.0,0.005,10,0.041,0.04899,0.69035,True
embodied_only,0,0.0,0.005,20,0.041,0.09566,0.69036,True
embodied_only,0,0.0,0.0075,2,0.04443,0.01495,0.67782,True
embodied_only,0,0.0,0.0075,5,0.04459,0.03707,0.67602,True
embodied_only,0,0.0,0.0075,10,0.04459,0.07315,0.67595,True
embodied_only,0,0.0,0.0075,20,0.04459,0.14246,0.67595,True
embodied_only,0,0.0,0.01,2,0.04768,0.01991,0.66814,True
embodied_only,0,0.0,0.01,5,0.04831,0.04927,0.66118,True
embodied_only,0,0.0,0.01,10,0.04835,0.09706,0.6608,True
embodied_only,0,0.0,0.01,20,0.04835,0.18855,0.6608,True
embodied_only,0,0.0,0.0125,2,0.05096,0.02486,0.65842,True
embodied_only,0,0.0,0.0125,5,0.0522,0.0614,0.64569,True
embodied_only,0,0.0,0.0125,10,0.05229,0.12073,0.64481,True
embodied_only,0,0.0,0.0125,20,0.05229,0.2339,0.6448,True
embodied_only,0,0.0,0.015,2,0.05429,0.0298,0.64867,True
embodied_only,0,0.0,0.015,5,0.05628,0.07344,0.62951,True
embodied_only,0,0.0,0.015,10,0.05647,0.14414,0.6278,True
embodied_only,0,0.0,0.015,20,0.05647,0.27848,0.62777,True
embodied_only,0,0.0,0.02,2,0.06108,0.03963,0.6291,True
embodied_only,0,0.0,0.02,5,0.06511,0.09726,0.59484,True
embodied_only,0,0.0,0.02,10,0.06575,0.19012,0.5899,True
embodied_only,0,0.0,0.02,20,0.06578,0.36515,0.58968,True
embodied_only,0,0.0,0.025,2,0.06804,0.04941,0.60944,True
embodied_only,0,0.0,0.025,5,0.07508,0.12072,0.55677,True
embodied_only,0,0.0,0.025,10,0.07698,0.23489,0.54436,True
embodied_only,0,0.0,0.025,20,0.0772,0.44817,0.54292,True
embodied_only,0,0.0,0.03,2,0.07519,0.05914,0.58974,True
embodied_only,0,0.0,0.03,5,0.08651,0.1438,0.51488,True
embodied_only,0,0.0,0.03,10,0.09194,0.27824,0.48561,True
embodied_only,0,0.0,0.03,20,0.09406,0.52668,0.47499,True
embodied_only,0,0.0,0.04,2,0.09004,0.07846,0.55035,True
embodied_only,0,0.0,0.04,5,0.11375,0.18872,0.42747,False
embodied_only,0,0.0,0.04,10,0.12326,0.36017,0.39019,False
embodied_only,0,0.0,0.04,20,0.12515,0.66668,0.38319,False
embodied_only,0,0.0,0.05,2,0.10564,0.09757,0.51118,False
embodied_only,0,0.0,0.05,5,0.13842,0.23201,0.36714,False
embodied_only,0,0.0,0.05,10,0.15657,0.43523,0.30631,False
embodied_only,0,0.0,0.05,20,0.16824,0.7751,0.27088,False
embodied_only,0.5,0.5,0.005,2,0.0413,0.00998,0.68573,True
embodied_only,0.5,0.5,0.005,5,0.04137,0.02479,0.68235,True
embodied_only,0.5,0.5,0.005,10,0.04188,0.04897,0.67204,True
embodied_only,0.5,0.5,0.005,20,0.04293,0.09552,0.65198,True
embodied_only,0.5,0.5,0.0075,2,0.04455,0.01495,0.67527,True
embodied_only,0.5,0.5,0.0075,5,0.04519,0.03706,0.66426,True
embodied_only,0.5,0.5,0.0075,10,0.04607,0.07309,0.64858,True
embodied_only,0.5,0.5,0.0075,20,0.04786,0.14212,0.6186,True
embodied_only,0.5,0.5,0.01,2,0.04783,0.01991,0.6648,True
embodied_only,0.5,0.5,0.01,5,0.04919,0.04926,0.64565,True
embodied_only,0.5,0.5,0.01,10,0.05054,0.09696,0.62443,True
embodied_only,0.5,0.5,0.01,20,0.05326,0.18788,0.58451,True
embodied_only,0.5,0.5,0.0125,2,0.05117,0.02486,0.65431,True
embodied_only,0.5,0.5,0.0125,5,0.05339,0.06137,0.62648,True
embodied_only,0.5,0.5,0.0125,10,0.05533,0.12056,0.59945,True
embodied_only,0.5,0.5,0.0125,20,0.05927,0.23276,0.54945,True
embodied_only,0.5,0.5,0.015,2,0.05454,0.0298,0.64381,True
embodied_only,0.5,0.5,0.015,5,0.05782,0.0734,0.60671,True
embodied_only,0.5,0.5,0.015,10,0.06053,0.14387,0.57345,True
embodied_only,0.5,0.5,0.015,20,0.06605,0.27668,0.513,True
embodied_only,0.5,0.5,0.02,2,0.06144,0.03963,0.6228,True
embodied_only,0.5,0.5,0.02,5,0.0675,0.09719,0.56523,True
embodied_only,0.5,0.5,0.02,10,0.07258,0.18956,0.51727,True
embodied_only,0.5,0.5,0.02,20,0.08336,0.36133,0.43261,True
embodied_only,0.5,0.5,0.025,2,0.06851,0.04941,0.60182,True
embodied_only,0.5,0.5,0.025,5,0.07852,0.12061,0.52093,True
embodied_only,0.5,0.5,0.025,10,0.08816,0.23387,0.45242,True
embodied_only,0.5,0.5,0.025,20,0.10997,0.44082,0.33778,False
embodied_only,0.5,0.5,0.03,2,0.07578,0.05914,0.58089,True
embodied_only,0.5,0.5,0.03,5,0.09126,0.14364,0.4736,True
embodied_only,0.5,0.5,0.03,10,0.10922,0.27653,0.37869,False
embodied_only,0.5,0.5,0.03,20,0.13117,0.5142,0.28111,False
embodied_only,0.5,0.5,0.04,2,0.09088,0.07846,0.53934,True
embodied_only,0.5,0.5,0.04,5,0.12026,0.1884,0.38406,False
embodied_only,0.5,0.5,0.04,10,0.14456,0.35677,0.28728,False
embodied_only,0.5,0.5,0.04,20,0.1874,0.63764,0.15983,False
embodied_only,0.5,0.5,0.05,2,0.10674,0.09757,0.4984,False
embodied_only,0.5,0.5,0.05,5,0.14718,0.23149,0.31935,False
embodied_only,0.5,0.5,0.05,10,0.18994,0.42904,0.18781,False
embodied_only,0.5,0.5,0.05,20,0.31475,0.71206,0.0,False
embodied_only,1,1.0,0.005,2,0.04137,0.00998,0.68402,True
embodied_only,1,1.0,0.005,5,0.04175,0.02478,0.67445,True
embodied_only,1,1.0,0.005,10,0.0428,0.04895,0.65378,True
embodied_only,1,1.0,0.005,20,0.04503,0.09537,0.61379,True
embodied_only,1,1.0,0.0075,2,0.04466,0.01495,0.67273,True
embodied_only,1,1.0,0.0075,5,0.0458,0.03706,0.65253,True
embodied_only,1,1.0,0.0075,10,0.04763,0.07304,0.62134,True
embodied_only,1,1.0,0.0075,20,0.05158,0.14175,0.56167,True
embodied_only,1,1.0,0.01,2,0.04799,0.01991,0.66146,True
embodied_only,1,1.0,0.01,5,0.05008,0.04925,0.63019,True
embodied_only,1,1.0,0.01,10,0.05289,0.09685,0.58833,True
embodied_only,1,1.0,0.01,20,0.05917,0.18715,0.50899,True
embodied_only,1,1.0,0.0125,2,0.05137,0.02486,0.65019,True
embodied_only,1,1.0,0.0125,5,0.05461,0.06135,0.60739,True
embodied_only,1,1.0,0.0125,10,0.05866,0.12037,0.55457,True
embodied_only,1,1.0,0.0125,20,0.06817,0.23148,0.45525,True
embodied_only,1,1.0,0.015,2,0.05479,0.0298,0.63894,True
embodied_only,1,1.0,0.015,5,0.05941,0.07337,0.58411,True
embodied_only,1,1.0,0.015,10,0.06507,0.14358,0.51987,True
embodied_only,1,1.0,0.015,20,0.07923,0.27462,0.39955,True
embodied_only,1,1.0,0.02,2,0.06179,0.03963,0.61651,True
embodied_only,1,1.0,0.02,5,0.06998,0.09713,0.53604,True
embodied_only,1,1.0,0.02,10,0.08054,0.18896,0.44639,True
embodied_only,1,1.0,0.02,20,0.11189,0.35668,0.28122,False
embodied_only,1,1.0,0.025,2,0.06898,0.04941,0.5942,True
embodied_only,1,1.0,0.025,5,0.0821,0.12051,0.48586,True
embodied_only,1,1.0,0.025,10,0.10188,0.23277,0.36419,False
embodied_only,1,1.0,0.025,20,0.14169,0.43204,0.2051,False
embodied_only,1,1.0,0.03,2,0.07636,0.05914,0.57205,True
embodied_only,1,1.0,0.03,5,0.09619,0.14347,0.43359,True
embodied_only,1,1.0,0.03,10,0.12418,0.27477,0.29905,False
embodied_only,1,1.0,0.03,20,0.17528,0.49944,0.13804,False
embodied_only,1,1.0,0.04,2,0.09171,0.07846,0.52833,True
embodied_only,1,1.0,0.04,5,0.12677,0.18808,0.343,False
embodied_only,1,1.0,0.04,10,0.1682,0.35317,0.19742,False
embodied_only,1,1.0,0.04,20,0.26485,0.6043,0.01387,False
embodied_only,1,1.0,0.05,2,0.10784,0.09757,0.48562,False
embodied_only,1,1.0,0.05,5,0.15612,0.23095,0.2742,False
embodied_only,1,1.0,0.05,10,0.22441,0.42267,0.09627,False
embodied_only,1,1.0,0.05,20,0.34721,0.66456,0.0,False
embodied_only,anchor,0.2011,0.005,2,0.04126,0.00998,0.68676,True
embodied_only,anchor,0.2011,0.005,5,0.04115,0.02479,0.68708,True
embodied_only,anchor,0.2011,0.005,10,0.04135,0.04899,0.68298,True
embodied_only,anchor,0.2011,0.005,20,0.04175,0.0956,0.6749,True
embodied_only,anchor,0.2011,0.0075,2,0.04448,0.01495,0.67679,True
embodied_only,anchor,0.2011,0.0075,5,0.04483,0.03707,0.67129,True
embodied_only,anchor,0.2011,0.0075,10,0.04518,0.07313,0.66492,True
embodied_only,anchor,0.2011,0.0075,20,0.04586,0.14233,0.65284,True
embodied_only,anchor,0.2011,0.01,2,0.04774,0.01991,0.66679,True
embodied_only,anchor,0.2011,0.01,5,0.04866,0.04927,0.65493,True
embodied_only,anchor,0.2011,0.01,10,0.04921,0.09702,0.64614,True
embodied_only,anchor,0.2011,0.01,20,0.05022,0.18829,0.63004,True
embodied_only,anchor,0.2011,0.0125,2,0.05105,0.02486,0.65677,True
embodied_only,anchor,0.2011,0.0125,5,0.05268,0.06139,0.63795,True
embodied_only,anchor,0.2011,0.0125,10,0.05348,0.12066,0.62651,True
embodied_only,anchor,0.2011,0.0125,20,0.05491,0.23346,0.60634,True
embodied_only,anchor,0.2011,0.015,2,0.05439,0.0298,0.64672,True
embodied_only,anchor,0.2011,0.015,5,0.0569,0.07342,0.62032,True
embodied_only,anchor,0.2011,0.015,10,0.05805,0.14403,0.60586,True
embodied_only,anchor,0.2011,0.015,20,0.05999,0.27778,0.58149,True
embodied_only,anchor,0.2011,0.02,2,0.06122,0.03963,0.62657,True
embodied_only,anchor,0.2011,0.02,5,0.06607,0.09723,0.58289,True
embodied_only,anchor,0.2011,0.02,10,0.06837,0.1899,0.56051,True
embodied_only,anchor,0.2011,0.02,20,0.07186,0.3637,0.5267,True
embodied_only,anchor,0.2011,0.025,2,0.06823,0.04941,0.60638,True
embodied_only,anchor,0.2011,0.025,5,0.07645,0.12068,0.54226,True
embodied_only,anchor,0.2011,0.025,10,0.0812,0.23449,0.50703,True
embodied_only,anchor,0.2011,0.025,20,0.08807,0.44545,0.45875,True
embodied_only,anchor,0.2011,0.03,2,0.07543,0.05914,0.58618,True
embodied_only,anchor,0.2011,0.03,5,0.0884,0.14373,0.49813,True
embodied_only,anchor,0.2011,0.03,10,0.09893,0.27757,0.43924,False
embodied_only,anchor,0.2011,0.03,20,0.11023,0.52183,0.38175,False
embodied_only,anchor,0.2011,0.04,2,0.09038,0.07846,0.54592,True
embodied_only,anchor,0.2011,0.04,5,0.11643,0.18859,0.40949,False
embodied_only,anchor,0.2011,0.04,10,0.1315,0.35882,0.34738,False
embodied_only,anchor,0.2011,0.04,20,0.14671,0.65578,0.2882,False
embodied_only,anchor,0.2011,0.05,2,0.10609,0.09757,0.50604,False
embodied_only,anchor,0.2011,0.05,5,0.14192,0.2318,0.3476,False
embodied_only,anchor,0.2011,0.05,10,0.16961,0.43277,0.25577,False
embodied_only,anchor,0.2011,0.05,20,0.2207,0.75122,0.12445,False
cognitive_AIOE_only,0,0.0,0.005,2,0.04123,0.00998,0.68745,True
cognitive_AIOE_only,0,0.0,0.005,5,0.041,0.02479,0.69026,True
cognitive_AIOE_only,0,0.0,0.005,10,0.041,0.04899,0.69035,True
cognitive_AIOE_only,0,0.0,0.005,20,0.041,0.09566,0.69036,True
cognitive_AIOE_only,0,0.0,0.0075,2,0.04443,0.01495,0.67782,True
cognitive_AIOE_only,0,0.0,0.0075,5,0.04459,0.03707,0.67602,True
cognitive_AIOE_only,0,0.0,0.0075,10,0.04459,0.07315,0.67595,True
cognitive_AIOE_only,0,0.0,0.0075,20,0.04459,0.14246,0.67595,True
cognitive_AIOE_only,0,0.0,0.01,2,0.04768,0.01991,0.66814,True
cognitive_AIOE_only,0,0.0,0.01,5,0.04831,0.04927,0.66118,True
cognitive_AIOE_only,0,0.0,0.01,10,0.04835,0.09706,0.6608,True
cognitive_AIOE_only,0,0.0,0.01,20,0.04835,0.18855,0.6608,True
cognitive_AIOE_only,0,0.0,0.0125,2,0.05096,0.02486,0.65842,True
cognitive_AIOE_only,0,0.0,0.0125,5,0.0522,0.0614,0.64569,True
cognitive_AIOE_only,0,0.0,0.0125,10,0.05229,0.12073,0.64481,True
cognitive_AIOE_only,0,0.0,0.0125,20,0.05229,0.2339,0.6448,True
cognitive_AIOE_only,0,0.0,0.015,2,0.05429,0.0298,0.64867,True
cognitive_AIOE_only,0,0.0,0.015,5,0.05628,0.07344,0.62951,True
cognitive_AIOE_only,0,0.0,0.015,10,0.05647,0.14414,0.6278,True
cognitive_AIOE_only,0,0.0,0.015,20,0.05647,0.27848,0.62777,True
cognitive_AIOE_only,0,0.0,0.02,2,0.06108,0.03963,0.6291,True
cognitive_AIOE_only,0,0.0,0.02,5,0.06511,0.09726,0.59484,True
cognitive_AIOE_only,0,0.0,0.02,10,0.06575,0.19012,0.5899,True
cognitive_AIOE_only,0,0.0,0.02,20,0.06578,0.36515,0.58968,True
cognitive_AIOE_only,0,0.0,0.025,2,0.06804,0.04941,0.60944,True
cognitive_AIOE_only,0,0.0,0.025,5,0.07508,0.12072,0.55677,True
cognitive_AIOE_only,0,0.0,0.025,10,0.07698,0.23489,0.54436,True
cognitive_AIOE_only,0,0.0,0.025,20,0.0772,0.44817,0.54292,True
cognitive_AIOE_only,0,0.0,0.03,2,0.07519,0.05914,0.58974,True
cognitive_AIOE_only,0,0.0,0.03,5,0.08651,0.1438,0.51488,True
cognitive_AIOE_only,0,0.0,0.03,10,0.09194,0.27824,0.48561,True
cognitive_AIOE_only,0,0.0,0.03,20,0.09406,0.52668,0.47499,True
cognitive_AIOE_only,0,0.0,0.04,2,0.09004,0.07846,0.55035,True
cognitive_AIOE_only,0,0.0,0.04,5,0.11375,0.18872,0.42747,False
cognitive_AIOE_only,0,0.0,0.04,10,0.12326,0.36017,0.39019,False
cognitive_AIOE_only,0,0.0,0.04,20,0.12515,0.66668,0.38319,False
cognitive_AIOE_only,0,0.0,0.05,2,0.10564,0.09757,0.51118,False
cognitive_AIOE_only,0,0.0,0.05,5,0.13842,0.23201,0.36714,False
cognitive_AIOE_only,0,0.0,0.05,10,0.15657,0.43523,0.30631,False
cognitive_AIOE_only,0,0.0,0.05,20,0.16824,0.7751,0.27088,False
cognitive_AIOE_only,0.5,0.5,0.005,2,0.0413,0.00998,0.68573,True
cognitive_AIOE_only,0.5,0.5,0.005,5,0.04137,0.02479,0.68235,True
cognitive_AIOE_only,0.5,0.5,0.005,10,0.04188,0.04897,0.67204,True
cognitive_AIOE_only,0.5,0.5,0.005,20,0.04293,0.09552,0.65198,True
cognitive_AIOE_only,0.5,0.5,0.0075,2,0.04455,0.01495,0.67527,True
cognitive_AIOE_only,0.5,0.5,0.0075,5,0.04519,0.03706,0.66426,True
cognitive_AIOE_only,0.5,0.5,0.0075,10,0.04607,0.07309,0.64858,True
cognitive_AIOE_only,0.5,0.5,0.0075,20,0.04786,0.14212,0.6186,True
cognitive_AIOE_only,0.5,0.5,0.01,2,0.04783,0.01991,0.6648,True
cognitive_AIOE_only,0.5,0.5,0.01,5,0.04919,0.04926,0.64565,True
cognitive_AIOE_only,0.5,0.5,0.01,10,0.05054,0.09696,0.62443,True
cognitive_AIOE_only,0.5,0.5,0.01,20,0.05326,0.18788,0.58451,True
cognitive_AIOE_only,0.5,0.5,0.0125,2,0.05117,0.02486,0.65431,True
cognitive_AIOE_only,0.5,0.5,0.0125,5,0.05339,0.06137,0.62648,True
cognitive_AIOE_only,0.5,0.5,0.0125,10,0.05533,0.12056,0.59945,True
cognitive_AIOE_only,0.5,0.5,0.0125,20,0.05927,0.23276,0.54945,True
cognitive_AIOE_only,0.5,0.5,0.015,2,0.05454,0.0298,0.64381,True
cognitive_AIOE_only,0.5,0.5,0.015,5,0.05782,0.0734,0.60671,True
cognitive_AIOE_only,0.5,0.5,0.015,10,0.06053,0.14387,0.57345,True
cognitive_AIOE_only,0.5,0.5,0.015,20,0.06605,0.27668,0.513,True
cognitive_AIOE_only,0.5,0.5,0.02,2,0.06144,0.03963,0.6228,True
cognitive_AIOE_only,0.5,0.5,0.02,5,0.0675,0.09719,0.56523,True
cognitive_AIOE_only,0.5,0.5,0.02,10,0.07258,0.18956,0.51727,True
cognitive_AIOE_only,0.5,0.5,0.02,20,0.08336,0.36133,0.43261,True
cognitive_AIOE_only,0.5,0.5,0.025,2,0.06851,0.04941,0.60182,True
cognitive_AIOE_only,0.5,0.5,0.025,5,0.07852,0.12061,0.52093,True
cognitive_AIOE_only,0.5,0.5,0.025,10,0.08816,0.23387,0.45242,True
cognitive_AIOE_only,0.5,0.5,0.025,20,0.10997,0.44082,0.33778,False
cognitive_AIOE_only,0.5,0.5,0.03,2,0.07578,0.05914,0.58089,True
cognitive_AIOE_only,0.5,0.5,0.03,5,0.09126,0.14364,0.4736,True
cognitive_AIOE_only,0.5,0.5,0.03,10,0.10922,0.27653,0.37869,False
cognitive_AIOE_only,0.5,0.5,0.03,20,0.13117,0.5142,0.28111,False
cognitive_AIOE_only,0.5,0.5,0.04,2,0.09088,0.07846,0.53934,True
cognitive_AIOE_only,0.5,0.5,0.04,5,0.12026,0.1884,0.38406,False
cognitive_AIOE_only,0.5,0.5,0.04,10,0.14456,0.35677,0.28728,False
cognitive_AIOE_only,0.5,0.5,0.04,20,0.1874,0.63764,0.15983,False
cognitive_AIOE_only,0.5,0.5,0.05,2,0.10674,0.09757,0.4984,False
cognitive_AIOE_only,0.5,0.5,0.05,5,0.14718,0.23149,0.31935,False
cognitive_AIOE_only,0.5,0.5,0.05,10,0.18994,0.42904,0.18781,False
cognitive_AIOE_only,0.5,0.5,0.05,20,0.31475,0.71206,0.0,False
cognitive_AIOE_only,1,1.0,0.005,2,0.04137,0.00998,0.68402,True
cognitive_AIOE_only,1,1.0,0.005,5,0.04175,0.02478,0.67445,True
cognitive_AIOE_only,1,1.0,0.005,10,0.0428,0.04895,0.65378,True
cognitive_AIOE_only,1,1.0,0.005,20,0.04503,0.09537,0.61379,True
cognitive_AIOE_only,1,1.0,0.0075,2,0.04466,0.01495,0.67273,True
cognitive_AIOE_only,1,1.0,0.0075,5,0.0458,0.03706,0.65253,True
cognitive_AIOE_only,1,1.0,0.0075,10,0.04763,0.07304,0.62134,True
cognitive_AIOE_only,1,1.0,0.0075,20,0.05158,0.14175,0.56167,True
cognitive_AIOE_only,1,1.0,0.01,2,0.04799,0.01991,0.66146,True
cognitive_AIOE_only,1,1.0,0.01,5,0.05008,0.04925,0.63019,True
cognitive_AIOE_only,1,1.0,0.01,10,0.05289,0.09685,0.58833,True
cognitive_AIOE_only,1,1.0,0.01,20,0.05917,0.18715,0.50899,True
cognitive_AIOE_only,1,1.0,0.0125,2,0.05137,0.02486,0.65019,True
cognitive_AIOE_only,1,1.0,0.0125,5,0.05461,0.06135,0.60739,True
cognitive_AIOE_only,1,1.0,0.0125,10,0.05866,0.12037,0.55457,True
cognitive_AIOE_only,1,1.0,0.0125,20,0.06817,0.23148,0.45525,True
cognitive_AIOE_only,1,1.0,0.015,2,0.05479,0.0298,0.63894,True
cognitive_AIOE_only,1,1.0,0.015,5,0.05941,0.07337,0.58411,True
cognitive_AIOE_only,1,1.0,0.015,10,0.06507,0.14358,0.51987,True
cognitive_AIOE_only,1,1.0,0.015,20,0.07923,0.27462,0.39955,True
cognitive_AIOE_only,1,1.0,0.02,2,0.06179,0.03963,0.61651,True
cognitive_AIOE_only,1,1.0,0.02,5,0.06998,0.09713,0.53604,True
cognitive_AIOE_only,1,1.0,0.02,10,0.08054,0.18896,0.44639,True
cognitive_AIOE_only,1,1.0,0.02,20,0.11189,0.35668,0.28122,False
cognitive_AIOE_only,1,1.0,0.025,2,0.06898,0.04941,0.5942,True
cognitive_AIOE_only,1,1.0,0.025,5,0.0821,0.12051,0.48586,True
cognitive_AIOE_only,1,1.0,0.025,10,0.10188,0.23277,0.36419,False
cognitive_AIOE_only,1,1.0,0.025,20,0.14169,0.43204,0.2051,False
cognitive_AIOE_only,1,1.0,0.03,2,0.07636,0.05914,0.57205,True
cognitive_AIOE_only,1,1.0,0.03,5,0.09619,0.14347,0.43359,True
cognitive_AIOE_only,1,1.0,0.03,10,0.12418,0.27477,0.29905,False
cognitive_AIOE_only,1,1.0,0.03,20,0.17528,0.49944,0.13804,False
cognitive_AIOE_only,1,1.0,0.04,2,0.09171,0.07846,0.52833,True
cognitive_AIOE_only,1,1.0,0.04,5,0.12677,0.18808,0.343,False
cognitive_AIOE_only,1,1.0,0.04,10,0.1682,0.35317,0.19742,False
cognitive_AIOE_only,1,1.0,0.04,20,0.26485,0.6043,0.01387,False
cognitive_AIOE_only,1,1.0,0.05,2,0.10784,0.09757,0.48562,False
cognitive_AIOE_only,1,1.0,0.05,5,0.15612,0.23095,0.2742,False
cognitive_AIOE_only,1,1.0,0.05,10,0.22441,0.42267,0.09627,False
cognitive_AIOE_only,1,1.0,0.05,20,0.34721,0.66456,0.0,False
cognitive_AIOE_only,anchor,0.1325,0.005,2,0.04125,0.00998,0.687,True
cognitive_AIOE_only,anchor,0.1325,0.005,5,0.0411,0.02479,0.68816,True
cognitive_AIOE_only,anchor,0.1325,0.005,10,0.04123,0.04899,0.6855,True
cognitive_AIOE_only,anchor,0.1325,0.005,20,0.04149,0.09562,0.68017,True
cognitive_AIOE_only,anchor,0.1325,0.0075,2,0.04446,0.01495,0.67714,True
cognitive_AIOE_only,anchor,0.1325,0.0075,5,0.04475,0.03707,0.6729,True
cognitive_AIOE_only,anchor,0.1325,0.0075,10,0.04498,0.07313,0.66868,True
cognitive_AIOE_only,anchor,0.1325,0.0075,20,0.04542,0.14238,0.66071,True
cognitive_AIOE_only,anchor,0.1325,0.01,2,0.04772,0.01991,0.66725,True
cognitive_AIOE_only,anchor,0.1325,0.01,5,0.04854,0.04927,0.65706,True
cognitive_AIOE_only,anchor,0.1325,0.01,10,0.04891,0.09704,0.65114,True
cognitive_AIOE_only,anchor,0.1325,0.01,20,0.04957,0.18838,0.64052,True
cognitive_AIOE_only,anchor,0.1325,0.0125,2,0.05102,0.02486,0.65733,True
cognitive_AIOE_only,anchor,0.1325,0.0125,5,0.05252,0.06139,0.64059,True
cognitive_AIOE_only,anchor,0.1325,0.0125,10,0.05307,0.12068,0.63274,True
cognitive_AIOE_only,anchor,0.1325,0.0125,20,0.05399,0.23361,0.61944,True
cognitive_AIOE_only,anchor,0.1325,0.015,2,0.05436,0.0298,0.64738,True
cognitive_AIOE_only,anchor,0.1325,0.015,5,0.05669,0.07343,0.62345,True
cognitive_AIOE_only,anchor,0.1325,0.015,10,0.0575,0.14407,0.61334,True
cognitive_AIOE_only,anchor,0.1325,0.015,20,0.05874,0.27802,0.59726,True
cognitive_AIOE_only,anchor,0.1325,0.02,2,0.06117,0.03963,0.62743,True
cognitive_AIOE_only,anchor,0.1325,0.02,5,0.06574,0.09724,0.58696,True
cognitive_AIOE_only,anchor,0.1325,0.02,10,0.06746,0.18998,0.57051,True
cognitive_AIOE_only,anchor,0.1325,0.02,20,0.06966,0.36421,0.54821,True
cognitive_AIOE_only,anchor,0.1325,0.025,2,0.06817,0.04941,0.60742,True
cognitive_AIOE_only,anchor,0.1325,0.025,5,0.07598,0.12069,0.5472,True
cognitive_AIOE_only,anchor,0.1325,0.025,10,0.07972,0.23463,0.51972,True
cognitive_AIOE_only,anchor,0.1325,0.025,20,0.08398,0.44641,0.48782,True
cognitive_AIOE_only,anchor,0.1325,0.03,2,0.07535,0.05914,0.5874,True
cognitive_AIOE_only,anchor,0.1325,0.03,5,0.08775,0.14376,0.50382,True
cognitive_AIOE_only,anchor,0.1325,0.03,10,0.09646,0.2778,0.45497,True
cognitive_AIOE_only,anchor,0.1325,0.03,20,0.10598,0.52347,0.40614,False
cognitive_AIOE_only,anchor,0.1325,0.04,2,0.09026,0.07846,0.54743,True
cognitive_AIOE_only,anchor,0.1325,0.04,5,0.11551,0.18864,0.41559,False
cognitive_AIOE_only,anchor,0.1325,0.04,10,0.12864,0.35929,0.36179,False
cognitive_AIOE_only,anchor,0.1325,0.04,20,0.13883,0.65962,0.32004,False
cognitive_AIOE_only,anchor,0.1325,0.05,2,0.10594,0.09757,0.5078,False
cognitive_AIOE_only,anchor,0.1325,0.05,5,0.14072,0.23187,0.35422,False
cognitive_AIOE_only,anchor,0.1325,0.05,10,0.16509,0.43361,0.2726,False
cognitive_AIOE_only,anchor,0.1325,0.05,20,0.20019,0.7597,0.17513,False
cognitive_GPT_only,0,0.0,0.005,2,0.04123,0.00998,0.68745,True
cognitive_GPT_only,0,0.0,0.005,5,0.041,0.02479,0.69026,True
cognitive_GPT_only,0,0.0,0.005,10,0.041,0.04899,0.69035,True
cognitive_GPT_only,0,0.0,0.005,20,0.041,0.09566,0.69036,True
cognitive_GPT_only,0,0.0,0.0075,2,0.04443,0.01495,0.67782,True
cognitive_GPT_only,0,0.0,0.0075,5,0.04459,0.03707,0.67602,True
cognitive_GPT_only,0,0.0,0.0075,10,0.04459,0.07315,0.67595,True
cognitive_GPT_only,0,0.0,0.0075,20,0.04459,0.14246,0.67595,True
cognitive_GPT_only,0,0.0,0.01,2,0.04768,0.01991,0.66814,True
cognitive_GPT_only,0,0.0,0.01,5,0.04831,0.04927,0.66118,True
cognitive_GPT_only,0,0.0,0.01,10,0.04835,0.09706,0.6608,True
cognitive_GPT_only,0,0.0,0.01,20,0.04835,0.18855,0.6608,True
cognitive_GPT_only,0,0.0,0.0125,2,0.05096,0.02486,0.65842,True
cognitive_GPT_only,0,0.0,0.0125,5,0.0522,0.0614,0.64569,True
cognitive_GPT_only,0,0.0,0.0125,10,0.05229,0.12073,0.64481,True
cognitive_GPT_only,0,0.0,0.0125,20,0.05229,0.2339,0.6448,True
cognitive_GPT_only,0,0.0,0.015,2,0.05429,0.0298,0.64867,True
cognitive_GPT_only,0,0.0,0.015,5,0.05628,0.07344,0.62951,True
cognitive_GPT_only,0,0.0,0.015,10,0.05647,0.14414,0.6278,True
cognitive_GPT_only,0,0.0,0.015,20,0.05647,0.27848,0.62777,True
cognitive_GPT_only,0,0.0,0.02,2,0.06108,0.03963,0.6291,True
cognitive_GPT_only,0,0.0,0.02,5,0.06511,0.09726,0.59484,True
cognitive_GPT_only,0,0.0,0.02,10,0.06575,0.19012,0.5899,True
cognitive_GPT_only,0,0.0,0.02,20,0.06578,0.36515,0.58968,True
cognitive_GPT_only,0,0.0,0.025,2,0.06804,0.04941,0.60944,True
cognitive_GPT_only,0,0.0,0.025,5,0.07508,0.12072,0.55677,True
cognitive_GPT_only,0,0.0,0.025,10,0.07698,0.23489,0.54436,True
cognitive_GPT_only,0,0.0,0.025,20,0.0772,0.44817,0.54292,True
cognitive_GPT_only,0,0.0,0.03,2,0.07519,0.05914,0.58974,True
cognitive_GPT_only,0,0.0,0.03,5,0.08651,0.1438,0.51488,True
cognitive_GPT_only,0,0.0,0.03,10,0.09194,0.27824,0.48561,True
cognitive_GPT_only,0,0.0,0.03,20,0.09406,0.52668,0.47499,True
cognitive_GPT_only,0,0.0,0.04,2,0.09004,0.07846,0.55035,True
cognitive_GPT_only,0,0.0,0.04,5,0.11375,0.18872,0.42747,False
cognitive_GPT_only,0,0.0,0.04,10,0.12326,0.36017,0.39019,False
cognitive_GPT_only,0,0.0,0.04,20,0.12515,0.66668,0.38319,False
cognitive_GPT_only,0,0.0,0.05,2,0.10564,0.09757,0.51118,False
cognitive_GPT_only,0,0.0,0.05,5,0.13842,0.23201,0.36714,False
cognitive_GPT_only,0,0.0,0.05,10,0.15657,0.43523,0.30631,False
cognitive_GPT_only,0,0.0,0.05,20,0.16824,0.7751,0.27088,False
cognitive_GPT_only,0.5,0.5,0.005,2,0.0413,0.00998,0.68573,True
cognitive_GPT_only,0.5,0.5,0.005,5,0.04137,0.02479,0.68235,True
cognitive_GPT_only,0.5,0.5,0.005,10,0.04188,0.04897,0.67204,True
cognitive_GPT_only,0.5,0.5,0.005,20,0.04293,0.09552,0.65198,True
cognitive_GPT_only,0.5,0.5,0.0075,2,0.04455,0.01495,0.67527,True
cognitive_GPT_only,0.5,0.5,0.0075,5,0.04519,0.03706,0.66426,True
cognitive_GPT_only,0.5,0.5,0.0075,10,0.04607,0.07309,0.64858,True
cognitive_GPT_only,0.5,0.5,0.0075,20,0.04786,0.14212,0.6186,True
cognitive_GPT_only,0.5,0.5,0.01,2,0.04783,0.01991,0.6648,True
cognitive_GPT_only,0.5,0.5,0.01,5,0.04919,0.04926,0.64565,True
cognitive_GPT_only,0.5,0.5,0.01,10,0.05054,0.09696,0.62443,True
cognitive_GPT_only,0.5,0.5,0.01,20,0.05326,0.18788,0.58451,True
cognitive_GPT_only,0.5,0.5,0.0125,2,0.05117,0.02486,0.65431,True
cognitive_GPT_only,0.5,0.5,0.0125,5,0.05339,0.06137,0.62648,True
cognitive_GPT_only,0.5,0.5,0.0125,10,0.05533,0.12056,0.59945,True
cognitive_GPT_only,0.5,0.5,0.0125,20,0.05927,0.23276,0.54945,True
cognitive_GPT_only,0.5,0.5,0.015,2,0.05454,0.0298,0.64381,True
cognitive_GPT_only,0.5,0.5,0.015,5,0.05782,0.0734,0.60671,True
cognitive_GPT_only,0.5,0.5,0.015,10,0.06053,0.14387,0.57345,True
cognitive_GPT_only,0.5,0.5,0.015,20,0.06605,0.27668,0.513,True
cognitive_GPT_only,0.5,0.5,0.02,2,0.06144,0.03963,0.6228,True
cognitive_GPT_only,0.5,0.5,0.02,5,0.0675,0.09719,0.56523,True
cognitive_GPT_only,0.5,0.5,0.02,10,0.07258,0.18956,0.51727,True
cognitive_GPT_only,0.5,0.5,0.02,20,0.08336,0.36133,0.43261,True
cognitive_GPT_only,0.5,0.5,0.025,2,0.06851,0.04941,0.60182,True
cognitive_GPT_only,0.5,0.5,0.025,5,0.07852,0.12061,0.52093,True
cognitive_GPT_only,0.5,0.5,0.025,10,0.08816,0.23387,0.45242,True
cognitive_GPT_only,0.5,0.5,0.025,20,0.10997,0.44082,0.33778,False
cognitive_GPT_only,0.5,0.5,0.03,2,0.07578,0.05914,0.58089,True
cognitive_GPT_only,0.5,0.5,0.03,5,0.09126,0.14364,0.4736,True
cognitive_GPT_only,0.5,0.5,0.03,10,0.10922,0.27653,0.37869,False
cognitive_GPT_only,0.5,0.5,0.03,20,0.13117,0.5142,0.28111,False
cognitive_GPT_only,0.5,0.5,0.04,2,0.09088,0.07846,0.53934,True
cognitive_GPT_only,0.5,0.5,0.04,5,0.12026,0.1884,0.38406,False
cognitive_GPT_only,0.5,0.5,0.04,10,0.14456,0.35677,0.28728,False
cognitive_GPT_only,0.5,0.5,0.04,20,0.1874,0.63764,0.15983,False
cognitive_GPT_only,0.5,0.5,0.05,2,0.10674,0.09757,0.4984,False
cognitive_GPT_only,0.5,0.5,0.05,5,0.14718,0.23149,0.31935,False
cognitive_GPT_only,0.5,0.5,0.05,10,0.18994,0.42904,0.18781,False
cognitive_GPT_only,0.5,0.5,0.05,20,0.31475,0.71206,0.0,False
cognitive_GPT_only,1,1.0,0.005,2,0.04137,0.00998,0.68402,True
cognitive_GPT_only,1,1.0,0.005,5,0.04175,0.02478,0.67445,True
cognitive_GPT_only,1,1.0,0.005,10,0.0428,0.04895,0.65378,True
cognitive_GPT_only,1,1.0,0.005,20,0.04503,0.09537,0.61379,True
cognitive_GPT_only,1,1.0,0.0075,2,0.04466,0.01495,0.67273,True
cognitive_GPT_only,1,1.0,0.0075,5,0.0458,0.03706,0.65253,True
cognitive_GPT_only,1,1.0,0.0075,10,0.04763,0.07304,0.62134,True
cognitive_GPT_only,1,1.0,0.0075,20,0.05158,0.14175,0.56167,True
cognitive_GPT_only,1,1.0,0.01,2,0.04799,0.01991,0.66146,True
cognitive_GPT_only,1,1.0,0.01,5,0.05008,0.04925,0.63019,True
cognitive_GPT_only,1,1.0,0.01,10,0.05289,0.09685,0.58833,True
cognitive_GPT_only,1,1.0,0.01,20,0.05917,0.18715,0.50899,True
cognitive_GPT_only,1,1.0,0.0125,2,0.05137,0.02486,0.65019,True
cognitive_GPT_only,1,1.0,0.0125,5,0.05461,0.06135,0.60739,True
cognitive_GPT_only,1,1.0,0.0125,10,0.05866,0.12037,0.55457,True
cognitive_GPT_only,1,1.0,0.0125,20,0.06817,0.23148,0.45525,True
cognitive_GPT_only,1,1.0,0.015,2,0.05479,0.0298,0.63894,True
cognitive_GPT_only,1,1.0,0.015,5,0.05941,0.07337,0.58411,True
cognitive_GPT_only,1,1.0,0.015,10,0.06507,0.14358,0.51987,True
cognitive_GPT_only,1,1.0,0.015,20,0.07923,0.27462,0.39955,True
cognitive_GPT_only,1,1.0,0.02,2,0.06179,0.03963,0.61651,True
cognitive_GPT_only,1,1.0,0.02,5,0.06998,0.09713,0.53604,True
cognitive_GPT_only,1,1.0,0.02,10,0.08054,0.18896,0.44639,True
cognitive_GPT_only,1,1.0,0.02,20,0.11189,0.35668,0.28122,False
cognitive_GPT_only,1,1.0,0.025,2,0.06898,0.04941,0.5942,True
cognitive_GPT_only,1,1.0,0.025,5,0.0821,0.12051,0.48586,True
cognitive_GPT_only,1,1.0,0.025,10,0.10188,0.23277,0.36419,False
cognitive_GPT_only,1,1.0,0.025,20,0.14169,0.43204,0.2051,False
cognitive_GPT_only,1,1.0,0.03,2,0.07636,0.05914,0.57205,True
cognitive_GPT_only,1,1.0,0.03,5,0.09619,0.14347,0.43359,True
cognitive_GPT_only,1,1.0,0.03,10,0.12418,0.27477,0.29905,False
cognitive_GPT_only,1,1.0,0.03,20,0.17528,0.49944,0.13804,False
cognitive_GPT_only,1,1.0,0.04,2,0.09171,0.07846,0.52833,True
cognitive_GPT_only,1,1.0,0.04,5,0.12677,0.18808,0.343,False
cognitive_GPT_only,1,1.0,0.04,10,0.1682,0.35317,0.19742,False
cognitive_GPT_only,1,1.0,0.04,20,0.26485,0.6043,0.01387,False
cognitive_GPT_only,1,1.0,0.05,2,0.10784,0.09757,0.48562,False
cognitive_GPT_only,1,1.0,0.05,5,0.15612,0.23095,0.2742,False
cognitive_GPT_only,1,1.0,0.05,10,0.22441,0.42267,0.09627,False
cognitive_GPT_only,1,1.0,0.05,20,0.34721,0.66456,0.0,False
cognitive_GPT_only,anchor,0.1538,0.005,2,0.04125,0.00998,0.68692,True
cognitive_GPT_only,anchor,0.1538,0.005,5,0.04112,0.02479,0.68783,True
cognitive_GPT_only,anchor,0.1538,0.005,10,0.04127,0.04899,0.68472,True
cognitive_GPT_only,anchor,0.1538,0.005,20,0.04157,0.09562,0.67853,True
cognitive_GPT_only,anchor,0.1538,0.0075,2,0.04447,0.01495,0.67703,True
cognitive_GPT_only,anchor,0.1538,0.0075,5,0.04477,0.03707,0.6724,True
cognitive_GPT_only,anchor,0.1538,0.0075,10,0.04504,0.07313,0.66751,True
cognitive_GPT_only,anchor,0.1538,0.0075,20,0.04555,0.14236,0.65827,True
cognitive_GPT_only,anchor,0.1538,0.01,2,0.04773,0.01991,0.66711,True
cognitive_GPT_only,anchor,0.1538,0.01,5,0.04858,0.04927,0.6564,True
cognitive_GPT_only,anchor,0.1538,0.01,10,0.04901,0.09703,0.64959,True
cognitive_GPT_only,anchor,0.1538,0.01,20,0.04977,0.18835,0.63726,True
cognitive_GPT_only,anchor,0.1538,0.0125,2,0.05103,0.02486,0.65716,True
cognitive_GPT_only,anchor,0.1538,0.0125,5,0.05257,0.06139,0.63977,True
cognitive_GPT_only,anchor,0.1538,0.0125,10,0.0532,0.12068,0.63081,True
cognitive_GPT_only,anchor,0.1538,0.0125,20,0.05427,0.23356,0.61537,True
cognitive_GPT_only,anchor,0.1538,0.015,2,0.05437,0.0298,0.64718,True
cognitive_GPT_only,anchor,0.1538,0.015,5,0.05675,0.07343,0.62248,True
cognitive_GPT_only,anchor,0.1538,0.015,10,0.05767,0.14406,0.61101,True
cognitive_GPT_only,anchor,0.1538,0.015,20,0.05912,0.27795,0.59236,True
cognitive_GPT_only,anchor,0.1538,0.02,2,0.06119,0.03963,0.62716,True
cognitive_GPT_only,anchor,0.1538,0.02,5,0.06584,0.09724,0.58569,True
cognitive_GPT_only,anchor,0.1538,0.02,10,0.06774,0.18995,0.56741,True
cognitive_GPT_only,anchor,0.1538,0.02,20,0.07033,0.36405,0.54153,True
cognitive_GPT_only,anchor,0.1538,0.025,2,0.06819,0.04941,0.6071,True
cognitive_GPT_only,anchor,0.1538,0.025,5,0.07612,0.12069,0.54566,True
cognitive_GPT_only,anchor,0.1538,0.025,10,0.08017,0.23458,0.51578,True
cognitive_GPT_only,anchor,0.1538,0.025,20,0.0852,0.44612,0.47884,True
cognitive_GPT_only,anchor,0.1538,0.03,2,0.07537,0.05914,0.58702,True
cognitive_GPT_only,anchor,0.1538,0.03,5,0.08795,0.14375,0.50205,True
cognitive_GPT_only,anchor,0.1538,0.03,10,0.09721,0.27773,0.45008,True
cognitive_GPT_only,anchor,0.1538,0.03,20,0.10729,0.52297,0.39848,False
cognitive_GPT_only,anchor,0.1538,0.04,2,0.0903,0.07846,0.54696,True
cognitive_GPT_only,anchor,0.1538,0.04,5,0.11579,0.18862,0.41369,False
cognitive_GPT_only,anchor,0.1538,0.04,10,0.12952,0.35914,0.3573,False
cognitive_GPT_only,anchor,0.1538,0.04,20,0.14122,0.65844,0.31008,False
cognitive_GPT_only,anchor,0.1538,0.05,2,0.10598,0.09757,0.50725,False
cognitive_GPT_only,anchor,0.1538,0.05,5,0.14109,0.23185,0.35216,False
cognitive_GPT_only,anchor,0.1538,0.05,10,0.16649,0.43335,0.26733,False
cognitive_GPT_only,anchor,0.1538,0.05,20,0.20624,0.7571,0.15947,False
both_AIOE,0,0.0,0.005,2,0.04123,0.00998,0.68745,True
both_AIOE,0,0.0,0.005,5,0.041,0.02479,0.69026,True
both_AIOE,0,0.0,0.005,10,0.041,0.04899,0.69035,True
both_AIOE,0,0.0,0.005,20,0.041,0.09566,0.69036,True
both_AIOE,0,0.0,0.0075,2,0.04443,0.01495,0.67782,True
both_AIOE,0,0.0,0.0075,5,0.04459,0.03707,0.67602,True
both_AIOE,0,0.0,0.0075,10,0.04459,0.07315,0.67595,True
both_AIOE,0,0.0,0.0075,20,0.04459,0.14246,0.67595,True
both_AIOE,0,0.0,0.01,2,0.04768,0.01991,0.66814,True
both_AIOE,0,0.0,0.01,5,0.04831,0.04927,0.66118,True
both_AIOE,0,0.0,0.01,10,0.04835,0.09706,0.6608,True
both_AIOE,0,0.0,0.01,20,0.04835,0.18855,0.6608,True
both_AIOE,0,0.0,0.0125,2,0.05096,0.02486,0.65842,True
both_AIOE,0,0.0,0.0125,5,0.0522,0.0614,0.64569,True
both_AIOE,0,0.0,0.0125,10,0.05229,0.12073,0.64481,True
both_AIOE,0,0.0,0.0125,20,0.05229,0.2339,0.6448,True
both_AIOE,0,0.0,0.015,2,0.05429,0.0298,0.64867,True
both_AIOE,0,0.0,0.015,5,0.05628,0.07344,0.62951,True
both_AIOE,0,0.0,0.015,10,0.05647,0.14414,0.6278,True
both_AIOE,0,0.0,0.015,20,0.05647,0.27848,0.62777,True
both_AIOE,0,0.0,0.02,2,0.06108,0.03963,0.6291,True
both_AIOE,0,0.0,0.02,5,0.06511,0.09726,0.59484,True
both_AIOE,0,0.0,0.02,10,0.06575,0.19012,0.5899,True
both_AIOE,0,0.0,0.02,20,0.06578,0.36515,0.58968,True
both_AIOE,0,0.0,0.025,2,0.06804,0.04941,0.60944,True
both_AIOE,0,0.0,0.025,5,0.07508,0.12072,0.55677,True
both_AIOE,0,0.0,0.025,10,0.07698,0.23489,0.54436,True
both_AIOE,0,0.0,0.025,20,0.0772,0.44817,0.54292,True
both_AIOE,0,0.0,0.03,2,0.07519,0.05914,0.58974,True
both_AIOE,0,0.0,0.03,5,0.08651,0.1438,0.51488,True
both_AIOE,0,0.0,0.03,10,0.09194,0.27824,0.48561,True
both_AIOE,0,0.0,0.03,20,0.09406,0.52668,0.47499,True
both_AIOE,0,0.0,0.04,2,0.09004,0.07846,0.55035,True
both_AIOE,0,0.0,0.04,5,0.11375,0.18872,0.42747,False
both_AIOE,0,0.0,0.04,10,0.12326,0.36017,0.39019,False
both_AIOE,0,0.0,0.04,20,0.12515,0.66668,0.38319,False
both_AIOE,0,0.0,0.05,2,0.10564,0.09757,0.51118,False
both_AIOE,0,0.0,0.05,5,0.13842,0.23201,0.36714,False
both_AIOE,0,0.0,0.05,10,0.15657,0.43523,0.30631,False
both_AIOE,0,0.0,0.05,20,0.16824,0.7751,0.27088,False
both_AIOE,0.5,0.5,0.005,2,0.0413,0.00998,0.68573,True
both_AIOE,0.5,0.5,0.005,5,0.04137,0.02479,0.68235,True
both_AIOE,0.5,0.5,0.005,10,0.04188,0.04897,0.67204,True
both_AIOE,0.5,0.5,0.005,20,0.04293,0.09552,0.65198,True
both_AIOE,0.5,0.5,0.0075,2,0.04455,0.01495,0.67527,True
both_AIOE,0.5,0.5,0.0075,5,0.04519,0.03706,0.66426,True
both_AIOE,0.5,0.5,0.0075,10,0.04607,0.07309,0.64858,True
both_AIOE,0.5,0.5,0.0075,20,0.04786,0.14212,0.6186,True
both_AIOE,0.5,0.5,0.01,2,0.04783,0.01991,0.6648,True
both_AIOE,0.5,0.5,0.01,5,0.04919,0.04926,0.64565,True
both_AIOE,0.5,0.5,0.01,10,0.05054,0.09696,0.62443,True
both_AIOE,0.5,0.5,0.01,20,0.05326,0.18788,0.58451,True
both_AIOE,0.5,0.5,0.0125,2,0.05117,0.02486,0.65431,True
both_AIOE,0.5,0.5,0.0125,5,0.05339,0.06137,0.62648,True
both_AIOE,0.5,0.5,0.0125,10,0.05533,0.12056,0.59945,True
both_AIOE,0.5,0.5,0.0125,20,0.05927,0.23276,0.54945,True
both_AIOE,0.5,0.5,0.015,2,0.05454,0.0298,0.64381,True
both_AIOE,0.5,0.5,0.015,5,0.05782,0.0734,0.60671,True
both_AIOE,0.5,0.5,0.015,10,0.06053,0.14387,0.57345,True
both_AIOE,0.5,0.5,0.015,20,0.06605,0.27668,0.513,True
both_AIOE,0.5,0.5,0.02,2,0.06144,0.03963,0.6228,True
both_AIOE,0.5,0.5,0.02,5,0.0675,0.09719,0.56523,True
both_AIOE,0.5,0.5,0.02,10,0.07258,0.18956,0.51727,True
both_AIOE,0.5,0.5,0.02,20,0.08336,0.36133,0.43261,True
both_AIOE,0.5,0.5,0.025,2,0.06851,0.04941,0.60182,True
both_AIOE,0.5,0.5,0.025,5,0.07852,0.12061,0.52093,True
both_AIOE,0.5,0.5,0.025,10,0.08816,0.23387,0.45242,True
both_AIOE,0.5,0.5,0.025,20,0.10997,0.44082,0.33778,False
both_AIOE,0.5,0.5,0.03,2,0.07578,0.05914,0.58089,True
both_AIOE,0.5,0.5,0.03,5,0.09126,0.14364,0.4736,True
both_AIOE,0.5,0.5,0.03,10,0.10922,0.27653,0.37869,False
both_AIOE,0.5,0.5,0.03,20,0.13117,0.5142,0.28111,False
both_AIOE,0.5,0.5,0.04,2,0.09088,0.07846,0.53934,True
both_AIOE,0.5,0.5,0.04,5,0.12026,0.1884,0.38406,False
both_AIOE,0.5,0.5,0.04,10,0.14456,0.35677,0.28728,False
both_AIOE,0.5,0.5,0.04,20,0.1874,0.63764,0.15983,False
both_AIOE,0.5,0.5,0.05,2,0.10674,0.09757,0.4984,False
both_AIOE,0.5,0.5,0.05,5,0.14718,0.23149,0.31935,False
both_AIOE,0.5,0.5,0.05,10,0.18994,0.42904,0.18781,False
both_AIOE,0.5,0.5,0.05,20,0.31475,0.71206,0.0,False
both_AIOE,1,1.0,0.005,2,0.04137,0.00998,0.68402,True
both_AIOE,1,1.0,0.005,5,0.04175,0.02478,0.67445,True
both_AIOE,1,1.0,0.005,10,0.0428,0.04895,0.65378,True
both_AIOE,1,1.0,0.005,20,0.04503,0.09537,0.61379,True
both_AIOE,1,1.0,0.0075,2,0.04466,0.01495,0.67273,True
both_AIOE,1,1.0,0.0075,5,0.0458,0.03706,0.65253,True
both_AIOE,1,1.0,0.0075,10,0.04763,0.07304,0.62134,True
both_AIOE,1,1.0,0.0075,20,0.05158,0.14175,0.56167,True
both_AIOE,1,1.0,0.01,2,0.04799,0.01991,0.66146,True
both_AIOE,1,1.0,0.01,5,0.05008,0.04925,0.63019,True
both_AIOE,1,1.0,0.01,10,0.05289,0.09685,0.58833,True
both_AIOE,1,1.0,0.01,20,0.05917,0.18715,0.50899,True
both_AIOE,1,1.0,0.0125,2,0.05137,0.02486,0.65019,True
both_AIOE,1,1.0,0.0125,5,0.05461,0.06135,0.60739,True
both_AIOE,1,1.0,0.0125,10,0.05866,0.12037,0.55457,True
both_AIOE,1,1.0,0.0125,20,0.06817,0.23148,0.45525,True
both_AIOE,1,1.0,0.015,2,0.05479,0.0298,0.63894,True
both_AIOE,1,1.0,0.015,5,0.05941,0.07337,0.58411,True
both_AIOE,1,1.0,0.015,10,0.06507,0.14358,0.51987,True
both_AIOE,1,1.0,0.015,20,0.07923,0.27462,0.39955,True
both_AIOE,1,1.0,0.02,2,0.06179,0.03963,0.61651,True
both_AIOE,1,1.0,0.02,5,0.06998,0.09713,0.53604,True
both_AIOE,1,1.0,0.02,10,0.08054,0.18896,0.44639,True
both_AIOE,1,1.0,0.02,20,0.11189,0.35668,0.28122,False
both_AIOE,1,1.0,0.025,2,0.06898,0.04941,0.5942,True
both_AIOE,1,1.0,0.025,5,0.0821,0.12051,0.48586,True
both_AIOE,1,1.0,0.025,10,0.10188,0.23277,0.36419,False
both_AIOE,1,1.0,0.025,20,0.14169,0.43204,0.2051,False
both_AIOE,1,1.0,0.03,2,0.07636,0.05914,0.57205,True
both_AIOE,1,1.0,0.03,5,0.09619,0.14347,0.43359,True
both_AIOE,1,1.0,0.03,10,0.12418,0.27477,0.29905,False
both_AIOE,1,1.0,0.03,20,0.17528,0.49944,0.13804,False
both_AIOE,1,1.0,0.04,2,0.09171,0.07846,0.52833,True
both_AIOE,1,1.0,0.04,5,0.12677,0.18808,0.343,False
both_AIOE,1,1.0,0.04,10,0.1682,0.35317,0.19742,False
both_AIOE,1,1.0,0.04,20,0.26485,0.6043,0.01387,False
both_AIOE,1,1.0,0.05,2,0.10784,0.09757,0.48562,False
both_AIOE,1,1.0,0.05,5,0.15612,0.23095,0.2742,False
both_AIOE,1,1.0,0.05,10,0.22441,0.42267,0.09627,False
both_AIOE,1,1.0,0.05,20,0.34721,0.66456,0.0,False
both_AIOE,anchor,0.3336,0.005,2,0.04128,0.00998,0.68631,True
both_AIOE,anchor,0.3336,0.005,5,0.04125,0.02479,0.68498,True
both_AIOE,anchor,0.3336,0.005,10,0.04159,0.04898,0.67813,True
both_AIOE,anchor,0.3336,0.005,20,0.04227,0.09557,0.66473,True
both_AIOE,anchor,0.3336,0.0075,2,0.04451,0.01495,0.67612,True
both_AIOE,anchor,0.3336,0.0075,5,0.04499,0.03707,0.66817,True
both_AIOE,anchor,0.3336,0.0075,10,0.04557,0.07311,0.65767,True
both_AIOE,anchor,0.3336,0.0075,20,0.04672,0.14224,0.63764,True
both_AIOE,anchor,0.3336,0.01,2,0.04778,0.01991,0.66591,True
both_AIOE,anchor,0.3336,0.01,5,0.0489,0.04927,0.65081,True
both_AIOE,anchor,0.3336,0.01,10,0.04979,0.097,0.63651,True
both_AIOE,anchor,0.3336,0.01,20,0.05153,0.18811,0.60983,True
both_AIOE,anchor,0.3336,0.0125,2,0.0511,0.02486,0.65568,True
both_AIOE,anchor,0.3336,0.0125,5,0.05299,0.06138,0.63286,True
both_AIOE,anchor,0.3336,0.0125,10,0.05429,0.12061,0.6145,True
both_AIOE,anchor,0.3336,0.0125,20,0.05676,0.23315,0.58107,True
both_AIOE,anchor,0.3336,0.015,2,0.05446,0.0298,0.64543,True
both_AIOE,anchor,0.3336,0.015,5,0.05731,0.07341,0.61428,True
both_AIOE,anchor,0.3336,0.015,10,0.05913,0.14396,0.59146,True
both_AIOE,anchor,0.3336,0.015,20,0.06254,0.2773,0.55108,True
both_AIOE,anchor,0.3336,0.02,2,0.06132,0.03963,0.6249,True
both_AIOE,anchor,0.3336,0.02,5,0.0667,0.09722,0.57504,True
both_AIOE,anchor,0.3336,0.02,10,0.07019,0.18975,0.54128,True
both_AIOE,anchor,0.3336,0.02,20,0.07653,0.36268,0.48508,True
both_AIOE,anchor,0.3336,0.025,2,0.06836,0.04941,0.60436,True
both_AIOE,anchor,0.3336,0.025,5,0.07736,0.12065,0.53277,True
both_AIOE,anchor,0.3336,0.025,10,0.08417,0.23422,0.48268,True
both_AIOE,anchor,0.3336,0.025,20,0.09749,0.44349,0.40122,True
both_AIOE,anchor,0.3336,0.03,2,0.07558,0.05914,0.58384,True
both_AIOE,anchor,0.3336,0.03,5,0.08966,0.14369,0.4872,True
both_AIOE,anchor,0.3336,0.03,10,0.10397,0.27711,0.40917,False
both_AIOE,anchor,0.3336,0.03,20,0.11898,0.51856,0.33608,False
both_AIOE,anchor,0.3336,0.04,2,0.0906,0.07846,0.543,True
both_AIOE,anchor,0.3336,0.04,5,0.11814,0.18851,0.39806,False
both_AIOE,anchor,0.3336,0.04,10,0.13718,0.35792,0.32019,False
both_AIOE,anchor,0.3336,0.04,20,0.16351,0.64801,0.22888,False
both_AIOE,anchor,0.3336,0.05,2,0.10638,0.09757,0.50266,False
both_AIOE,anchor,0.3336,0.05,5,0.14424,0.23166,0.33496,False
both_AIOE,anchor,0.3336,0.05,10,0.17852,0.43113,0.22453,False
both_AIOE,anchor,0.3336,0.05,20,0.26972,0.73401,0.02528,False
both_GPT,0,0.0,0.005,2,0.04123,0.00998,0.68745,True
both_GPT,0,0.0,0.005,5,0.041,0.02479,0.69026,True
both_GPT,0,0.0,0.005,10,0.041,0.04899,0.69035,True
both_GPT,0,0.0,0.005,20,0.041,0.09566,0.69036,True
both_GPT,0,0.0,0.0075,2,0.04443,0.01495,0.67782,True
both_GPT,0,0.0,0.0075,5,0.04459,0.03707,0.67602,True
both_GPT,0,0.0,0.0075,10,0.04459,0.07315,0.67595,True
both_GPT,0,0.0,0.0075,20,0.04459,0.14246,0.67595,True
both_GPT,0,0.0,0.01,2,0.04768,0.01991,0.66814,True
both_GPT,0,0.0,0.01,5,0.04831,0.04927,0.66118,True
both_GPT,0,0.0,0.01,10,0.04835,0.09706,0.6608,True
both_GPT,0,0.0,0.01,20,0.04835,0.18855,0.6608,True
both_GPT,0,0.0,0.0125,2,0.05096,0.02486,0.65842,True
both_GPT,0,0.0,0.0125,5,0.0522,0.0614,0.64569,True
both_GPT,0,0.0,0.0125,10,0.05229,0.12073,0.64481,True
both_GPT,0,0.0,0.0125,20,0.05229,0.2339,0.6448,True
both_GPT,0,0.0,0.015,2,0.05429,0.0298,0.64867,True
both_GPT,0,0.0,0.015,5,0.05628,0.07344,0.62951,True
both_GPT,0,0.0,0.015,10,0.05647,0.14414,0.6278,True
both_GPT,0,0.0,0.015,20,0.05647,0.27848,0.62777,True
both_GPT,0,0.0,0.02,2,0.06108,0.03963,0.6291,True
both_GPT,0,0.0,0.02,5,0.06511,0.09726,0.59484,True
both_GPT,0,0.0,0.02,10,0.06575,0.19012,0.5899,True
both_GPT,0,0.0,0.02,20,0.06578,0.36515,0.58968,True
both_GPT,0,0.0,0.025,2,0.06804,0.04941,0.60944,True
both_GPT,0,0.0,0.025,5,0.07508,0.12072,0.55677,True
both_GPT,0,0.0,0.025,10,0.07698,0.23489,0.54436,True
both_GPT,0,0.0,0.025,20,0.0772,0.44817,0.54292,True
both_GPT,0,0.0,0.03,2,0.07519,0.05914,0.58974,True
both_GPT,0,0.0,0.03,5,0.08651,0.1438,0.51488,True
both_GPT,0,0.0,0.03,10,0.09194,0.27824,0.48561,True
both_GPT,0,0.0,0.03,20,0.09406,0.52668,0.47499,True
both_GPT,0,0.0,0.04,2,0.09004,0.07846,0.55035,True
both_GPT,0,0.0,0.04,5,0.11375,0.18872,0.42747,False
both_GPT,0,0.0,0.04,10,0.12326,0.36017,0.39019,False
both_GPT,0,0.0,0.04,20,0.12515,0.66668,0.38319,False
both_GPT,0,0.0,0.05,2,0.10564,0.09757,0.51118,False
both_GPT,0,0.0,0.05,5,0.13842,0.23201,0.36714,False
both_GPT,0,0.0,0.05,10,0.15657,0.43523,0.30631,False
both_GPT,0,0.0,0.05,20,0.16824,0.7751,0.27088,False
both_GPT,0.5,0.5,0.005,2,0.0413,0.00998,0.68573,True
both_GPT,0.5,0.5,0.005,5,0.04137,0.02479,0.68235,True
both_GPT,0.5,0.5,0.005,10,0.04188,0.04897,0.67204,True
both_GPT,0.5,0.5,0.005,20,0.04293,0.09552,0.65198,True
both_GPT,0.5,0.5,0.0075,2,0.04455,0.01495,0.67527,True
both_GPT,0.5,0.5,0.0075,5,0.04519,0.03706,0.66426,True
both_GPT,0.5,0.5,0.0075,10,0.04607,0.07309,0.64858,True
both_GPT,0.5,0.5,0.0075,20,0.04786,0.14212,0.6186,True
both_GPT,0.5,0.5,0.01,2,0.04783,0.01991,0.6648,True
both_GPT,0.5,0.5,0.01,5,0.04919,0.04926,0.64565,True
both_GPT,0.5,0.5,0.01,10,0.05054,0.09696,0.62443,True
both_GPT,0.5,0.5,0.01,20,0.05326,0.18788,0.58451,True
both_GPT,0.5,0.5,0.0125,2,0.05117,0.02486,0.65431,True
both_GPT,0.5,0.5,0.0125,5,0.05339,0.06137,0.62648,True
both_GPT,0.5,0.5,0.0125,10,0.05533,0.12056,0.59945,True
both_GPT,0.5,0.5,0.0125,20,0.05927,0.23276,0.54945,True
both_GPT,0.5,0.5,0.015,2,0.05454,0.0298,0.64381,True
both_GPT,0.5,0.5,0.015,5,0.05782,0.0734,0.60671,True
both_GPT,0.5,0.5,0.015,10,0.06053,0.14387,0.57345,True
both_GPT,0.5,0.5,0.015,20,0.06605,0.27668,0.513,True
both_GPT,0.5,0.5,0.02,2,0.06144,0.03963,0.6228,True
both_GPT,0.5,0.5,0.02,5,0.0675,0.09719,0.56523,True
both_GPT,0.5,0.5,0.02,10,0.07258,0.18956,0.51727,True
both_GPT,0.5,0.5,0.02,20,0.08336,0.36133,0.43261,True
both_GPT,0.5,0.5,0.025,2,0.06851,0.04941,0.60182,True
both_GPT,0.5,0.5,0.025,5,0.07852,0.12061,0.52093,True
both_GPT,0.5,0.5,0.025,10,0.08816,0.23387,0.45242,True
both_GPT,0.5,0.5,0.025,20,0.10997,0.44082,0.33778,False
both_GPT,0.5,0.5,0.03,2,0.07578,0.05914,0.58089,True
both_GPT,0.5,0.5,0.03,5,0.09126,0.14364,0.4736,True
both_GPT,0.5,0.5,0.03,10,0.10922,0.27653,0.37869,False
both_GPT,0.5,0.5,0.03,20,0.13117,0.5142,0.28111,False
both_GPT,0.5,0.5,0.04,2,0.09088,0.07846,0.53934,True
both_GPT,0.5,0.5,0.04,5,0.12026,0.1884,0.38406,False
both_GPT,0.5,0.5,0.04,10,0.14456,0.35677,0.28728,False
both_GPT,0.5,0.5,0.04,20,0.1874,0.63764,0.15983,False
both_GPT,0.5,0.5,0.05,2,0.10674,0.09757,0.4984,False
both_GPT,0.5,0.5,0.05,5,0.14718,0.23149,0.31935,False
both_GPT,0.5,0.5,0.05,10,0.18994,0.42904,0.18781,False
both_GPT,0.5,0.5,0.05,20,0.31475,0.71206,0.0,False
both_GPT,1,1.0,0.005,2,0.04137,0.00998,0.68402,True
both_GPT,1,1.0,0.005,5,0.04175,0.02478,0.67445,True
both_GPT,1,1.0,0.005,10,0.0428,0.04895,0.65378,True
both_GPT,1,1.0,0.005,20,0.04503,0.09537,0.61379,True
both_GPT,1,1.0,0.0075,2,0.04466,0.01495,0.67273,True
both_GPT,1,1.0,0.0075,5,0.0458,0.03706,0.65253,True
both_GPT,1,1.0,0.0075,10,0.04763,0.07304,0.62134,True
both_GPT,1,1.0,0.0075,20,0.05158,0.14175,0.56167,True
both_GPT,1,1.0,0.01,2,0.04799,0.01991,0.66146,True
both_GPT,1,1.0,0.01,5,0.05008,0.04925,0.63019,True
both_GPT,1,1.0,0.01,10,0.05289,0.09685,0.58833,True
both_GPT,1,1.0,0.01,20,0.05917,0.18715,0.50899,True
both_GPT,1,1.0,0.0125,2,0.05137,0.02486,0.65019,True
both_GPT,1,1.0,0.0125,5,0.05461,0.06135,0.60739,True
both_GPT,1,1.0,0.0125,10,0.05866,0.12037,0.55457,True
both_GPT,1,1.0,0.0125,20,0.06817,0.23148,0.45525,True
both_GPT,1,1.0,0.015,2,0.05479,0.0298,0.63894,True
both_GPT,1,1.0,0.015,5,0.05941,0.07337,0.58411,True
both_GPT,1,1.0,0.015,10,0.06507,0.14358,0.51987,True
both_GPT,1,1.0,0.015,20,0.07923,0.27462,0.39955,True
both_GPT,1,1.0,0.02,2,0.06179,0.03963,0.61651,True
both_GPT,1,1.0,0.02,5,0.06998,0.09713,0.53604,True
both_GPT,1,1.0,0.02,10,0.08054,0.18896,0.44639,True
both_GPT,1,1.0,0.02,20,0.11189,0.35668,0.28122,False
both_GPT,1,1.0,0.025,2,0.06898,0.04941,0.5942,True
both_GPT,1,1.0,0.025,5,0.0821,0.12051,0.48586,True
both_GPT,1,1.0,0.025,10,0.10188,0.23277,0.36419,False
both_GPT,1,1.0,0.025,20,0.14169,0.43204,0.2051,False
both_GPT,1,1.0,0.03,2,0.07636,0.05914,0.57205,True
both_GPT,1,1.0,0.03,5,0.09619,0.14347,0.43359,True
both_GPT,1,1.0,0.03,10,0.12418,0.27477,0.29905,False
both_GPT,1,1.0,0.03,20,0.17528,0.49944,0.13804,False
both_GPT,1,1.0,0.04,2,0.09171,0.07846,0.52833,True
both_GPT,1,1.0,0.04,5,0.12677,0.18808,0.343,False
both_GPT,1,1.0,0.04,10,0.1682,0.35317,0.19742,False
both_GPT,1,1.0,0.04,20,0.26485,0.6043,0.01387,False
both_GPT,1,1.0,0.05,2,0.10784,0.09757,0.48562,False
both_GPT,1,1.0,0.05,5,0.15612,0.23095,0.2742,False
both_GPT,1,1.0,0.05,10,0.22441,0.42267,0.09627,False
both_GPT,1,1.0,0.05,20,0.34721,0.66456,0.0,False
both_GPT,anchor,0.3549,0.005,2,0.04128,0.00998,0.68623,True
both_GPT,anchor,0.3549,0.005,5,0.04127,0.02479,0.68464,True
both_GPT,anchor,0.3549,0.005,10,0.04162,0.04898,0.67735,True
both_GPT,anchor,0.3549,0.005,20,0.04235,0.09556,0.6631,True
both_GPT,anchor,0.3549,0.0075,2,0.04451,0.01495,0.67601,True
both_GPT,anchor,0.3549,0.0075,5,0.04501,0.03707,0.66767,True
both_GPT,anchor,0.3549,0.0075,10,0.04563,0.07311,0.65651,True
both_GPT,anchor,0.3549,0.0075,20,0.04687,0.14222,0.6352,True
both_GPT,anchor,0.3549,0.01,2,0.04779,0.01991,0.66577,True
both_GPT,anchor,0.3549,0.01,5,0.04893,0.04926,0.65015,True
both_GPT,anchor,0.3549,0.01,10,0.04989,0.09699,0.63496,True
both_GPT,anchor,0.3549,0.01,20,0.05175,0.18808,0.60658,True
both_GPT,anchor,0.3549,0.0125,2,0.05111,0.02486,0.6555,True
both_GPT,anchor,0.3549,0.0125,5,0.05304,0.06138,0.63204,True
both_GPT,anchor,0.3549,0.0125,10,0.05442,0.12061,0.61257,True
both_GPT,anchor,0.3549,0.0125,20,0.05707,0.2331,0.57702,True
both_GPT,anchor,0.3549,0.015,2,0.05447,0.0298,0.64522,True
both_GPT,anchor,0.3549,0.015,5,0.05737,0.07341,0.61331,True
both_GPT,anchor,0.3549,0.015,10,0.05931,0.14395,0.58915,True
both_GPT,anchor,0.3549,0.015,20,0.06297,0.27722,0.5462,True
both_GPT,anchor,0.3549,0.02,2,0.06133,0.03963,0.62463,True
both_GPT,anchor,0.3549,0.02,5,0.0668,0.09721,0.57378,True
both_GPT,anchor,0.3549,0.02,10,0.07049,0.18973,0.53819,True
both_GPT,anchor,0.3549,0.02,20,0.07734,0.36252,0.47838,True
both_GPT,anchor,0.3549,0.025,2,0.06838,0.04941,0.60403,True
both_GPT,anchor,0.3549,0.025,5,0.07751,0.12064,0.53125,True
both_GPT,anchor,0.3549,0.025,10,0.08467,0.23417,0.47879,True
both_GPT,anchor,0.3549,0.025,20,0.09924,0.44316,0.39177,False
both_GPT,anchor,0.3549,0.03,2,0.07561,0.05914,0.58346,True
both_GPT,anchor,0.3549,0.03,5,0.08986,0.14368,0.48545,True
both_GPT,anchor,0.3549,0.03,10,0.10468,0.27704,0.40499,False
both_GPT,anchor,0.3549,0.03,20,0.12046,0.51802,0.32889,False
both_GPT,anchor,0.3549,0.04,2,0.09063,0.07846,0.54254,True
both_GPT,anchor,0.3549,0.04,5,0.11841,0.18849,0.39626,False
both_GPT,anchor,0.3549,0.04,10,0.13811,0.35777,0.3159,False
both_GPT,anchor,0.3549,0.04,20,0.1664,0.64672,0.21966,False
both_GPT,anchor,0.3549,0.05,2,0.10642,0.09757,0.50211,False
both_GPT,anchor,0.3549,0.05,5,0.14462,0.23164,0.33295,False
both_GPT,anchor,0.3549,0.05,10,0.17997,0.43086,0.21967,False
both_GPT,anchor,0.3549,0.05,20,0.27887,0.73116,0.00933,False
