exposure_type,dose,horizon,incidence,inside_observed_data_range,severity_ratio,public_budget_first_round_bn,public_budget_second_round_bn,oasdi_first_round_bn,oasdi_second_round_bn,hi_first_round_bn,hi_second_round_bn,mortgage_agency_first_round_bn,mortgage_agency_second_round_bn,mortgage_FHA_first_round_bn,mortgage_FHA_second_round_bn,mortgage_bank_held_first_round_bn,mortgage_bank_held_second_round_bn,auto_lenders_first_round_bn,auto_lenders_second_round_bn,card_consumer_lenders_first_round_bn,card_consumer_lenders_second_round_bn,student_loan_holders_first_round_bn,student_loan_holders_second_round_bn,business_credit_first_round_bn,business_credit_second_round_bn,commercial_real_estate_first_round_bn,commercial_real_estate_second_round_bn,crossed_first_round,crossed_second_round,n_crossed_first_round,n_crossed_second_round
embodied,0.05,10,c_sourced_mix,True,0.096,49.488,92.212,29.077,29.077,5.782,5.782,6.505,16.134,1.6,3.97,1.458,3.615,1.663,6.852,3.262,22.73,1.347,6.535,0.0,15.171,0.0,7.336,,,0,0
embodied,0.1,10,c_sourced_mix,True,0.21,119.782,213.515,63.794,63.794,12.685,12.685,12.905,34.031,3.175,8.373,2.892,7.626,3.301,14.683,6.473,49.183,2.674,14.057,0.0,33.285,0.0,16.095,,mortgage_bank_held;auto_lenders;student_loan_holders,0,3
embodied,0.25,10,c_sourced_mix,False,0.794,604.38,957.998,240.669,240.669,47.855,47.855,31.465,111.164,7.742,27.351,7.051,24.91,8.053,50.994,15.798,176.927,6.53,49.472,0.0,125.57,0.0,60.721,public_budget;oasdi;hi;mortgage_bank_held,public_budget;oasdi;hi;mortgage_agency;mortgage_bank_held;auto_lenders;card_consumer_lenders;student_loan_holders;business_credit;commercial_real_estate,4,10
embodied,0.5,10,c_sourced_mix,False,1.459,1257.07,1907.082,442.392,442.392,87.965,87.965,60.291,206.793,14.834,50.88,13.51,46.338,15.44,94.375,30.31,326.495,12.545,91.479,0.0,230.82,0.0,111.616,public_budget;oasdi;hi;mortgage_agency;mortgage_bank_held;auto_lenders,public_budget;oasdi;hi;mortgage_agency;mortgage_FHA;mortgage_bank_held;auto_lenders;card_consumer_lenders;student_loan_holders;business_credit;commercial_real_estate,6,11
embodied,0.75,10,c_sourced_mix,False,1.459,1257.07,1907.082,442.392,442.392,87.965,87.965,86.476,232.978,21.277,57.322,19.378,52.206,22.162,101.096,43.54,339.724,18.042,96.976,0.0,230.82,0.0,111.616,public_budget;oasdi;hi;mortgage_agency;mortgage_bank_held;auto_lenders;student_loan_holders,public_budget;oasdi;hi;mortgage_agency;mortgage_FHA;mortgage_bank_held;auto_lenders;card_consumer_lenders;student_loan_holders;business_credit;commercial_real_estate,7,11
cognitive_AIOE,0.05,10,c_sourced_mix,True,0.104,50.418,96.548,26.076,26.076,6.243,6.243,11.707,22.104,2.88,5.438,2.623,4.953,1.384,6.986,3.111,24.131,2.818,8.42,0.0,16.381,0.0,7.921,,,0,0
cognitive_AIOE,0.1,10,c_sourced_mix,True,0.215,109.21,204.791,54.03,54.03,12.935,12.935,23.225,44.767,5.714,11.015,5.204,10.031,2.747,14.353,6.173,49.725,5.594,17.201,0.0,33.941,0.0,16.413,,mortgage_bank_held;auto_lenders;student_loan_holders,0,3
cognitive_AIOE,0.25,10,c_sourced_mix,True,0.579,342.85,600.785,145.807,145.807,34.906,34.906,56.627,114.762,13.933,28.236,12.689,25.716,6.7,38.023,15.065,132.597,13.661,44.983,0.0,91.593,0.0,44.291,hi;mortgage_agency;mortgage_bank_held;student_loan_holders,public_budget;hi;mortgage_agency;mortgage_bank_held;auto_lenders;card_consumer_lenders;student_loan_holders;business_credit;commercial_real_estate,4,9
cognitive_AIOE,0.5,10,c_sourced_mix,False,1.362,989.284,1595.975,342.952,342.952,82.103,82.103,108.506,245.244,26.697,60.34,24.314,54.955,12.848,86.521,28.906,305.351,26.242,99.915,0.0,215.436,0.0,104.178,public_budget;oasdi;hi;mortgage_agency;mortgage_bank_held;student_loan_holders,public_budget;oasdi;hi;mortgage_agency;mortgage_FHA;mortgage_bank_held;auto_lenders;card_consumer_lenders;student_loan_holders;business_credit;commercial_real_estate,6,11
cognitive_AIOE,0.75,10,c_sourced_mix,False,1.362,989.284,1595.975,342.952,342.952,82.103,82.103,155.631,292.37,38.292,71.935,34.874,65.515,18.441,92.114,41.522,317.967,37.741,111.415,0.0,215.436,0.0,104.178,public_budget;oasdi;hi;mortgage_agency;mortgage_bank_held;auto_lenders;student_loan_holders,public_budget;oasdi;hi;mortgage_agency;mortgage_FHA;mortgage_bank_held;auto_lenders;card_consumer_lenders;student_loan_holders;business_credit;commercial_real_estate,7,11
cognitive_GPT,0.05,10,c_sourced_mix,True,0.097,47.421,90.501,27.222,27.222,5.83,5.83,12.053,21.763,2.966,5.355,2.701,4.877,1.547,6.779,4.012,23.642,2.67,7.901,0.0,15.298,0.0,7.397,,,0,0
cognitive_GPT,0.1,10,c_sourced_mix,True,0.258,136.407,251.257,72.575,72.575,15.542,15.542,23.912,49.797,5.883,12.252,5.358,11.159,3.07,17.017,7.962,60.294,5.299,19.245,0.0,40.783,0.0,19.721,,mortgage_agency;mortgage_bank_held;auto_lenders;card_consumer_lenders;student_loan_holders;business_credit;commercial_real_estate,0,7
cognitive_GPT,0.25,10,c_sourced_mix,True,0.585,351.138,611.809,164.72,164.72,35.276,35.276,58.302,117.053,14.345,28.8,13.064,26.229,7.49,39.144,19.431,138.209,12.94,44.595,0.0,92.565,0.0,44.761,oasdi;hi;mortgage_agency;mortgage_bank_held,public_budget;oasdi;hi;mortgage_agency;mortgage_bank_held;auto_lenders;card_consumer_lenders;student_loan_holders;business_credit;commercial_real_estate,4,10
cognitive_GPT,0.5,10,c_sourced_mix,False,1.72,1321.469,2087.687,484.179,484.179,103.691,103.691,111.716,284.409,27.487,69.976,25.034,63.731,14.362,107.407,37.282,386.417,24.857,117.903,0.0,272.084,0.0,131.571,public_budget;oasdi;hi;mortgage_agency;mortgage_bank_held;auto_lenders;student_loan_holders,public_budget;oasdi;hi;mortgage_agency;mortgage_FHA;mortgage_bank_held;auto_lenders;card_consumer_lenders;student_loan_holders;business_credit;commercial_real_estate,7,11
cognitive_GPT,0.75,10,c_sourced_mix,False,1.72,1321.469,2087.687,484.179,484.179,103.691,103.691,160.236,332.929,39.425,81.914,35.906,74.603,20.613,113.659,53.554,402.689,35.75,128.795,0.0,272.084,0.0,131.571,public_budget;oasdi;hi;mortgage_agency;mortgage_bank_held;auto_lenders;card_consumer_lenders;student_loan_holders,public_budget;oasdi;hi;mortgage_agency;mortgage_FHA;mortgage_bank_held;auto_lenders;card_consumer_lenders;student_loan_holders;business_credit;commercial_real_estate,8,11
