release_file,survey_year,survey_month,total_thousands,pct_employed,pct_unemployed,pct_nilf,source,exit_share,survey_unrate
disp_08202008.htm,2008,2008-01,3641.0,67.1,18.0,15.0,table 1 total row,0.4545,5.0
disp_08262010.htm,2010,2010-01,6938.0,48.8,36.1,15.2,table 1 total row,0.2963,9.8
disp_08242012.htm,2012,2012-01,6121.0,56.0,26.7,17.4,table 1 total row,0.3946,8.3
disp_08262014.htm,2014,2014-01,4292.0,61.3,20.8,17.9,table 1 total row,0.4625,6.6
disp_08252016.htm,2016,2016-01,3191.0,65.5,15.9,18.6,table 1 total row,0.5391,4.8
disp_08282018.htm,2018,2018-01,2981.0,66.4,14.4,19.3,table 1 total row,0.5727,4.0
disp_08272020.htm,2020,2020-01,2672.0,70.1,12.4,17.5,table 1 total row,0.5853,3.6
disp_08262022.htm,2022,2022-01,3596.0,65.2,12.4,22.3,table 1 total row,0.6427,4.0
disp_08292024.htm,2024,2024-01,2578.0,65.7,16.1,18.2,table 1 total row,0.5306,3.7
disp_08272026.htm,2026,2026-01,3324.0,66.1,18.3,15.7,table 1 total row,0.4618,4.3
