level,group,n_areas,national_rate,gini_of_rate,p90_p10,p99_p1,corr_home_value,corr_mean_wage,gini_of_wage_LEVELS_benchmark
PUMA,cognitive_AIOE,2462,0.2094,0.2172,2.7514,6.1668,0.5198,0.7668,0.2309
PUMA,cognitive_GPT,2462,0.1661,0.176,2.2084,4.4581,0.4853,0.5743,0.2309
PUMA,embodied,2462,0.1235,0.2847,4.7962,19.4128,-0.5971,-0.81,0.2309
PUMA,robot_reachable,2462,0.1014,0.2929,4.8344,20.0659,-0.6005,-0.8266,0.2309
PUMA,placebo_random20,2462,0.1992,0.0951,1.5345,2.3013,0.164,0.2176,0.2309
county,cognitive_AIOE,3143,0.2094,0.1763,2.2761,4.5084,0.5298,0.5434,0.8116
county,cognitive_GPT,3143,0.1661,0.1513,1.9897,3.61,0.4419,0.3754,0.8116
county,embodied,3143,0.1235,0.1562,2.1174,5.6535,-0.5813,-0.5747,0.8116
county,robot_reachable,3143,0.1014,0.172,2.3645,6.0251,-0.62,-0.6067,0.8116
county,placebo_random20,3143,0.1992,0.09,1.4861,2.3131,0.185,0.1497,0.8116
