tau_l_source,tau_l,tau_k_source,tau_k,g,loss_per_dollar_at_s0,loss_per_dollar_at_s1,fiscal_neutrality_feasible_under_output_neutrality,extra_taxable_output_required_at_s1
AMR,0.255,net_capital,0.1,0.0,0.255,0.155,False,1.55
AMR,0.255,net_capital,0.1,0.1,0.355,0.255,False,2.55
AMR,0.255,net_capital,0.1,0.25,0.505,0.405,False,4.05
AMR,0.255,equipment_software,0.05,0.0,0.255,0.205,False,4.1
AMR,0.255,equipment_software,0.05,0.1,0.355,0.305,False,6.1
AMR,0.255,equipment_software,0.05,0.25,0.505,0.455,False,9.1
bottom_up_low,0.301,net_capital,0.1,0.0,0.301,0.201,False,2.01
bottom_up_low,0.301,net_capital,0.1,0.1,0.401,0.301,False,3.01
bottom_up_low,0.301,net_capital,0.1,0.25,0.551,0.451,False,4.51
bottom_up_low,0.301,equipment_software,0.05,0.0,0.301,0.251,False,5.02
bottom_up_low,0.301,equipment_software,0.05,0.1,0.401,0.351,False,7.02
bottom_up_low,0.301,equipment_software,0.05,0.25,0.551,0.501,False,10.02
bottom_up_high,0.318,net_capital,0.1,0.0,0.318,0.218,False,2.18
bottom_up_high,0.318,net_capital,0.1,0.1,0.418,0.318,False,3.18
bottom_up_high,0.318,net_capital,0.1,0.25,0.568,0.468,False,4.68
bottom_up_high,0.318,equipment_software,0.05,0.0,0.318,0.268,False,5.36
bottom_up_high,0.318,equipment_software,0.05,0.1,0.418,0.368,False,7.36
bottom_up_high,0.318,equipment_software,0.05,0.25,0.568,0.518,False,10.36
