cognitive_definition,exposure_type,outcome,wage_decile,k
cognitive_AIOE,cognitive,mortgage,1,0.42416
cognitive_AIOE,cognitive,mortgage,2,0.22895
cognitive_AIOE,cognitive,mortgage,3,0.19142
cognitive_AIOE,cognitive,mortgage,4,0.16461
cognitive_AIOE,cognitive,mortgage,5,0.15243
cognitive_AIOE,cognitive,mortgage,6,0.13801
cognitive_AIOE,cognitive,mortgage,7,0.13054
cognitive_AIOE,cognitive,mortgage,8,0.11981
cognitive_AIOE,cognitive,mortgage,9,0.10668
cognitive_AIOE,cognitive,mortgage,10,0.07156
cognitive_AIOE,cognitive,rent,1,0.77796
cognitive_AIOE,cognitive,rent,2,0.39914
cognitive_AIOE,cognitive,rent,3,0.32658
cognitive_AIOE,cognitive,rent,4,0.28127
cognitive_AIOE,cognitive,rent,5,0.24641
cognitive_AIOE,cognitive,rent,6,0.22344
cognitive_AIOE,cognitive,rent,7,0.2013
cognitive_AIOE,cognitive,rent,8,0.18151
cognitive_AIOE,cognitive,rent,9,0.16259
cognitive_AIOE,cognitive,rent,10,0.11408
cognitive_AIOE,embodied,mortgage,1,0.61634
cognitive_AIOE,embodied,mortgage,2,0.29798
cognitive_AIOE,embodied,mortgage,3,0.23169
cognitive_AIOE,embodied,mortgage,4,0.1921
cognitive_AIOE,embodied,mortgage,5,0.17123
cognitive_AIOE,embodied,mortgage,6,0.15679
cognitive_AIOE,embodied,mortgage,7,0.143
cognitive_AIOE,embodied,mortgage,8,0.13242
cognitive_AIOE,embodied,mortgage,9,0.11936
cognitive_AIOE,embodied,mortgage,10,0.08977
cognitive_AIOE,embodied,rent,1,1.30702
cognitive_AIOE,embodied,rent,2,0.57852
cognitive_AIOE,embodied,rent,3,0.43512
cognitive_AIOE,embodied,rent,4,0.36791
cognitive_AIOE,embodied,rent,5,0.31085
cognitive_AIOE,embodied,rent,6,0.27319
cognitive_AIOE,embodied,rent,7,0.2416
cognitive_AIOE,embodied,rent,8,0.21202
cognitive_AIOE,embodied,rent,9,0.18245
cognitive_AIOE,embodied,rent,10,0.13011
cognitive_GPT,cognitive,mortgage,1,0.46424
cognitive_GPT,cognitive,mortgage,2,0.24831
cognitive_GPT,cognitive,mortgage,3,0.19934
cognitive_GPT,cognitive,mortgage,4,0.1747
cognitive_GPT,cognitive,mortgage,5,0.16004
cognitive_GPT,cognitive,mortgage,6,0.14808
cognitive_GPT,cognitive,mortgage,7,0.13592
cognitive_GPT,cognitive,mortgage,8,0.12645
cognitive_GPT,cognitive,mortgage,9,0.11421
cognitive_GPT,cognitive,mortgage,10,0.08287
cognitive_GPT,cognitive,rent,1,0.89871
cognitive_GPT,cognitive,rent,2,0.44427
cognitive_GPT,cognitive,rent,3,0.36228
cognitive_GPT,cognitive,rent,4,0.3066
cognitive_GPT,cognitive,rent,5,0.26474
cognitive_GPT,cognitive,rent,6,0.23673
cognitive_GPT,cognitive,rent,7,0.21048
cognitive_GPT,cognitive,rent,8,0.18758
cognitive_GPT,cognitive,rent,9,0.1681
cognitive_GPT,cognitive,rent,10,0.12137
cognitive_GPT,embodied,mortgage,1,0.61634
cognitive_GPT,embodied,mortgage,2,0.29798
cognitive_GPT,embodied,mortgage,3,0.23169
cognitive_GPT,embodied,mortgage,4,0.1921
cognitive_GPT,embodied,mortgage,5,0.17123
cognitive_GPT,embodied,mortgage,6,0.15679
cognitive_GPT,embodied,mortgage,7,0.143
cognitive_GPT,embodied,mortgage,8,0.13242
cognitive_GPT,embodied,mortgage,9,0.11936
cognitive_GPT,embodied,mortgage,10,0.08977
cognitive_GPT,embodied,rent,1,1.30702
cognitive_GPT,embodied,rent,2,0.57852
cognitive_GPT,embodied,rent,3,0.43512
cognitive_GPT,embodied,rent,4,0.36791
cognitive_GPT,embodied,rent,5,0.31085
cognitive_GPT,embodied,rent,6,0.27319
cognitive_GPT,embodied,rent,7,0.2416
cognitive_GPT,embodied,rent,8,0.21202
cognitive_GPT,embodied,rent,9,0.18245
cognitive_GPT,embodied,rent,10,0.13011
