quantity_id,primary_class,contributing_class,cause,what_was_done,our_value_changed,replicator_value,round1_sealed,round1_verdict
rho_slack.intercept,brief_insufficiency,,"The brief names 'the BLS Displaced Worker Survey reemployment rate' without saying WHICH rate or over WHICH vintage window. Ours is the percent of long-tenured displaced workers employed at the survey date, all ages, Table 1 total row, 14 vintages January 2000 to January 2026. Theirs is the same concept over 1998 to 2024. Their x reproduces our x_range to five decimals, so the window is the whole gap.","brief v2 states the table, row, universe and window",no,1.29948,1.227975,MISMATCH
rho_slack.slope,brief_insufficiency,,"Same cause as the intercept, same row.","brief v2 states the table, row, universe and window",no,-0.030632,-0.02749,MISMATCH
fiscal.R_2026,brief_insufficiency,our_error,"TWO causes. Omission: omega is described as 'a blended counterfactual from the DWS earnings question' and its value, 0.8598, is never given. OUR ERROR in the brief, not in the code: the brief says rho is 'evaluated at current slack', which describes the fitted line, while the code uses the DIRECTLY OBSERVED 2026 rho of 0.6610. The replicator reverse-engineered an omega of 0.815 from that wrong description.","brief v2 gives omega, its three components and its range, and corrects the rho sentence",no,0.6233,0.568316,MISMATCH
fiscal.tau_k_sourced_low,replicator_error,brief_insufficiency,Conceded by the replicator: they set tau_normal in 0.10 to 0.20 where full expensing drives the effective rate on the normal return to near zero. Contributing cause: the brief names Auerbach and AMR for tau_normal and never states the expensing result or the number.,"brief v2 states tau_normal, the expensing statute and the full decomposition",no,0.1141,0.03245,MISMATCH
fiscal.tau_k_sourced_high,replicator_error,brief_insufficiency,Same cause as the low end of the grid.,brief v2 states the full decomposition,no,0.1904,0.20351,MISMATCH
fiscal_magnitudes.terminal_loss_bn_at_10pct,our_error,brief_insufficiency,"OUR ERROR: the dose share was converted to dollars on FRED COE compensation of employees (16,224.3bn) while tau_l is built as federal taxes over FRED WASCUR wages and salaries (13,365.2bn). Compensation includes employer pension and health contributions, which bear neither the income tax nor the payroll tax. Every dollar fiscal figure was 21.4 percent too large. Contributing: the brief did not state the horizon or that the figure is a mean across exposure groups at that dose.",base corrected to WASCUR; value falls 17.6 percent to 85.168,YES,122.4,103.38722,MISMATCH
fiscal_magnitudes.terminal_loss_bn_at_25pct,our_error,brief_insufficiency,"Same cause, same correction.",base corrected to WASCUR; value falls 17.6 percent to 301.892,YES,305.9,366.47255,MISMATCH
trust_funds.OASDI_pct_at_10pct,brief_insufficiency,,"The brief insists the denominator is the fund's own payroll income and never gives it. The replicator used 1,150bn against a published 1,322.6bn. Our construction is a RATIO in which the wage bill base and the payroll tax rate both cancel, so it was not touched by the base error above.","brief v2 states 1,322.6bn from Trustees Table 5; our value moves only by the published-versus-derived OASDI figure","marginal, 4.0713 to 4.0695",9.72,4.071273,MISMATCH
trust_funds.OASDI_pct_at_25pct,brief_insufficiency,,"Same cause, same row.",brief v2 states the denominator,"marginal, 12.0372 to 12.0319",24.29,12.037175,MISMATCH
trust_funds.HI_pct_at_10pct,our_error,brief_insufficiency,"OUR ERROR: the payroll share of fund income was taken as 0.9126 for BOTH funds. That is the OASDI share. HI's own payroll share is 403.2 / 462.4 = 0.8720, so every HI ratio was 4.7 percent too large. Separately, the fiscal modules used 462.4bn as an HI PAYROLL denominator when it is HI TOTAL income including interest, government contributions and beneficiary premiums.",fund-specific payroll shares read from Trustees Table 5; value falls to 3.8582,YES,7.68,4.039627,MISMATCH
coverage_share.card,brief_insufficiency,definitional_choice,'Working core' is used throughout and never defined. The replicator found 'reference person under 65' by sensitivity testing and landed within 0.011. Our definition is narrower at both ends: at least one employed member AND a reference person aged 25 to 64.,"brief v2 defines the working core exactly, and flags that a second, superseded definition exists in the stress engine",no,0.7291,0.74,MISMATCH
coverage_share.student,brief_insufficiency,definitional_choice,"Same cause, same row.",brief v2 defines the working core exactly,no,0.8936,0.8832,MISMATCH
cap_contrast.ACS.cognitive_AIOE,replicator_error,brief_insufficiency,"Conceded by the replicator: their AIOE crosswalk matched 476 of 530 ACS SOCP codes against 524 for GPT, because ACS publishes broad and wildcarded SOC codes and AIOE is detailed six-digit. Their prefix averaging blurred 54 codes. Contributing: the brief states no aggregation rule.",brief v2 states the crosswalk and the aggregation rule,no,0.8506,0.8119,MISMATCH
cap_contrast.ACS.cognitive_GPT,replicator_error,brief_insufficiency,"Same cause, smaller because the GPT crosswalk matched 524 codes.",brief v2 states the crosswalk and the aggregation rule,no,0.8939,0.9075,MISMATCH
cap_contrast.SIPP.cognitive_AIOE,replicator_error,brief_insufficiency,Same cause as the ACS AIOE row.,brief v2 states the crosswalk and the aggregation rule,no,0.7614,0.7044,MISMATCH
pay_control.raw_gap.ACS_AIOE,brief_insufficiency,replicator_error,"The brief never says the pay control runs over TWO outcome variables, and one of them (distress_pp_per_bn) is never mentioned anywhere in it. The replicator scored a single cell against a four-cell structure. Their AIOE group also differs for the crosswalk reason above.","brief v2 gives both outcomes, both reweighting directions and all four cells",no,0.1227,0.165674,MISMATCH
pay_control.raw_gap.ACS_GPT,brief_insufficiency,,Same cause.,brief v2 gives the full four-cell structure,no,0.0794,0.069899,MISMATCH
pay_control.raw_gap.SIPP_AIOE,brief_insufficiency,replicator_error,"Same cause, with the AIOE crosswalk contributing.",brief v2 gives the full four-cell structure,no,0.1227,0.179265,MISMATCH
pay_control.pay_share.ACS_AIOE,brief_insufficiency,,The brief's '54 to 99 percent' band spans BOTH reweighting directions and never says so. 0.539456 is the ACS AIOE direction-b value. The replicator computed direction a only.,brief v2 defines direction a and direction b and seals both,no,0.6151,0.885952,MISMATCH
pay_control.pay_share.ACS_GPT,brief_insufficiency,,Same cause.,brief v2 defines both directions,no,0.6105,0.965798,MISMATCH
pay_control.pay_share.SIPP_AIOE,brief_insufficiency,,Same cause.,brief v2 defines both directions,no,0.8796,0.989861,MISMATCH
pay_control.pay_share.SIPP_GPT,brief_insufficiency,,"Same cause. Both sides exceed 1, which is the sign reversal, so the FINDING replicated even though the number did not.",brief v2 defines both directions,no,1.4011,1.99627,MISMATCH
cases.case_B_over_A_min,our_error,brief_insufficiency,"OUR ERROR, two of them in one expression. The case B loss added tau_k times the demand shortfall using the MIDPOINT of the sourced tau_k range (0.11798) while the case A loss it was added to embeds the operative Barkai rate (0.0708); and the demand shortfall was built on this project's occupational grid while the loss was built on compensation of employees.",one tau_k and one wage bill base throughout; ratio becomes 1.383 to 1.677,YES,-3.18,1.250129,MISMATCH
cases.case_B_over_A_max,our_error,brief_insufficiency,"Same cause, same correction.",ratio becomes 1.383 to 1.677,YES,3.97,1.442592,MISMATCH
cases.breakeven_tau_k_A_min,our_error,,"OUR ERROR, and the replicator found it from a plausibility bound alone. See the break-even note in src/consistency.py.",break-even redefined as tau_l * (1 - R); value becomes 0.124614,YES,0.0576,0.213835,MISMATCH
cases.breakeven_tau_k_A_max,our_error,,"OUR ERROR. The sealed 0.378371 exceeds the highest reading of tau_l, which tau_l * (1 - R) makes impossible unless R is negative. Two defects multiplied: the expression divided a loss that ALREADY nets out tau_k by a surplus, and the numerator and denominator were built on two different wage bill totals, a spurious factor of 16,224.3 / 9,870.2 = 1.6438. Old value = (comp / grid) x [tau_l - tau_k / (1 - R)], which at R = 0 is 1.6438 x (0.301 - 0.0708) = 0.3784 exactly.","break-even redefined; value becomes 0.301, which is tau_l at R = 0, and the bound is now enforced",YES,0.1318,0.378371,MISMATCH
cases.breakeven_tau_k_B_max,our_error,,"Same root cause. The replicator's own case B exceeded 1 on their grid, which is also not a possible tax rate; both sides were producing out-of-bound values from under-specified formulas.","break-even B redefined as tau_l * ((1 - R) * D + (W / Y) * dC) / (D - dC); value becomes 0.649569, and 1.0979 is not reachable under the corrected formula",YES,1.0979,0.860022,MISMATCH
debt.debt_to_gdp_start,definitional_choice,data_vintage,"Both sides use FRED GFDEBTN at 2026Q1. The denominator differs: ours is the ANNUAL MEAN of quarterly nominal GDP (32,175.9bn, the capacities.json convention used everywhere in this project), theirs the single quarter. The brief does not pin the GDP concept down.",brief v2 states the GDP concept and the quarter,no,1.22594,1.214121,MISMATCH
debt.baseline_20y,definitional_choice,,"Follows entirely from the start ratio above. The replicator reproduces 3.7674 exactly at our start ratio, which is the cleanest confirmation in the whole exercise.",brief v2 states the GDP concept,no,3.804,3.7674,MISMATCH
debt.increment_pp_10pct_emerging,brief_insufficiency,our_error,"The brief's section 13 never says which CASE the increments are computed under, even though section 12 insists every figure carries its case. They are case B. The brief also names one regime where the sealed file has three. Contributing our error: the case B loss feeding the increment carried the two defects above, so the value moves as well.",brief v2 states the case and all three regimes; value becomes 18.196,YES,13.6,19.168967,MISMATCH
