tau_l,tau_k,g,omega_case,omega,rho,R,R_required,infeasible,met,gap
AMR_0.255,equipment_0.05,none_0.00,counterfactual_blended_central,0.85978,0.661,0.56832,0.80392,False,False,-0.23561
AMR_0.255,equipment_0.05,none_0.00,counterfactual_blended_low,0.82922,0.661,0.54812,0.80392,False,False,-0.25581
AMR_0.255,equipment_0.05,none_0.00,counterfactual_blended_high,0.90759,0.661,0.59992,0.80392,False,False,-0.20401
AMR_0.255,equipment_0.05,none_0.00,nominal_blended_central,0.90727,0.661,0.5997,0.80392,False,False,-0.20422
AMR_0.255,equipment_0.05,none_0.00,full_time_only_nominal_0.985,0.9853,0.661,0.65128,0.80392,False,False,-0.15264
AMR_0.255,equipment_0.05,none_0.00,stipulated_JLS_0.75,0.75,0.661,0.49575,0.80392,False,False,-0.30817
AMR_0.255,equipment_0.05,none_0.00,switcher_scenario_0.58,0.58,0.661,0.38338,0.80392,False,False,-0.42054
AMR_0.255,equipment_0.05,none_0.00,stayer_scenario_0.79,0.79,0.661,0.52219,0.80392,False,False,-0.28173
AMR_0.255,equipment_0.05,modest_0.10,counterfactual_blended_central,0.85978,0.661,0.56832,0.93686,False,False,-0.36855
AMR_0.255,equipment_0.05,modest_0.10,counterfactual_blended_low,0.82922,0.661,0.54812,0.93686,False,False,-0.38875
AMR_0.255,equipment_0.05,modest_0.10,counterfactual_blended_high,0.90759,0.661,0.59992,0.93686,False,False,-0.33695
AMR_0.255,equipment_0.05,modest_0.10,nominal_blended_central,0.90727,0.661,0.5997,0.93686,False,False,-0.33716
AMR_0.255,equipment_0.05,modest_0.10,full_time_only_nominal_0.985,0.9853,0.661,0.65128,0.93686,False,False,-0.28558
AMR_0.255,equipment_0.05,modest_0.10,stipulated_JLS_0.75,0.75,0.661,0.49575,0.93686,False,False,-0.44111
AMR_0.255,equipment_0.05,modest_0.10,switcher_scenario_0.58,0.58,0.661,0.38338,0.93686,False,False,-0.55348
AMR_0.255,equipment_0.05,modest_0.10,stayer_scenario_0.79,0.79,0.661,0.52219,0.93686,False,False,-0.41467
AMR_0.255,equipment_0.05,full_0.25,counterfactual_blended_central,0.85978,0.661,0.56832,1.13627,True,False,-0.56796
AMR_0.255,equipment_0.05,full_0.25,counterfactual_blended_low,0.82922,0.661,0.54812,1.13627,True,False,-0.58816
AMR_0.255,equipment_0.05,full_0.25,counterfactual_blended_high,0.90759,0.661,0.59992,1.13627,True,False,-0.53636
AMR_0.255,equipment_0.05,full_0.25,nominal_blended_central,0.90727,0.661,0.5997,1.13627,True,False,-0.53657
AMR_0.255,equipment_0.05,full_0.25,full_time_only_nominal_0.985,0.9853,0.661,0.65128,1.13627,True,False,-0.48499
AMR_0.255,equipment_0.05,full_0.25,stipulated_JLS_0.75,0.75,0.661,0.49575,1.13627,True,False,-0.64052
AMR_0.255,equipment_0.05,full_0.25,switcher_scenario_0.58,0.58,0.661,0.38338,1.13627,True,False,-0.75289
AMR_0.255,equipment_0.05,full_0.25,stayer_scenario_0.79,0.79,0.661,0.52219,1.13627,True,False,-0.61408
AMR_0.255,net_capital_0.10,none_0.00,counterfactual_blended_central,0.85978,0.661,0.56832,0.60784,False,False,-0.03953
AMR_0.255,net_capital_0.10,none_0.00,counterfactual_blended_low,0.82922,0.661,0.54812,0.60784,False,False,-0.05973
AMR_0.255,net_capital_0.10,none_0.00,counterfactual_blended_high,0.90759,0.661,0.59992,0.60784,False,False,-0.00793
AMR_0.255,net_capital_0.10,none_0.00,nominal_blended_central,0.90727,0.661,0.5997,0.60784,False,False,-0.00814
AMR_0.255,net_capital_0.10,none_0.00,full_time_only_nominal_0.985,0.9853,0.661,0.65128,0.60784,False,True,0.04344
AMR_0.255,net_capital_0.10,none_0.00,stipulated_JLS_0.75,0.75,0.661,0.49575,0.60784,False,False,-0.11209
AMR_0.255,net_capital_0.10,none_0.00,switcher_scenario_0.58,0.58,0.661,0.38338,0.60784,False,False,-0.22446
AMR_0.255,net_capital_0.10,none_0.00,stayer_scenario_0.79,0.79,0.661,0.52219,0.60784,False,False,-0.08565
AMR_0.255,net_capital_0.10,modest_0.10,counterfactual_blended_central,0.85978,0.661,0.56832,0.74078,False,False,-0.17247
AMR_0.255,net_capital_0.10,modest_0.10,counterfactual_blended_low,0.82922,0.661,0.54812,0.74078,False,False,-0.19267
AMR_0.255,net_capital_0.10,modest_0.10,counterfactual_blended_high,0.90759,0.661,0.59992,0.74078,False,False,-0.14087
AMR_0.255,net_capital_0.10,modest_0.10,nominal_blended_central,0.90727,0.661,0.5997,0.74078,False,False,-0.14108
AMR_0.255,net_capital_0.10,modest_0.10,full_time_only_nominal_0.985,0.9853,0.661,0.65128,0.74078,False,False,-0.0895
AMR_0.255,net_capital_0.10,modest_0.10,stipulated_JLS_0.75,0.75,0.661,0.49575,0.74078,False,False,-0.24503
AMR_0.255,net_capital_0.10,modest_0.10,switcher_scenario_0.58,0.58,0.661,0.38338,0.74078,False,False,-0.3574
AMR_0.255,net_capital_0.10,modest_0.10,stayer_scenario_0.79,0.79,0.661,0.52219,0.74078,False,False,-0.21859
AMR_0.255,net_capital_0.10,full_0.25,counterfactual_blended_central,0.85978,0.661,0.56832,0.9402,False,False,-0.37188
AMR_0.255,net_capital_0.10,full_0.25,counterfactual_blended_low,0.82922,0.661,0.54812,0.9402,False,False,-0.39208
AMR_0.255,net_capital_0.10,full_0.25,counterfactual_blended_high,0.90759,0.661,0.59992,0.9402,False,False,-0.34028
AMR_0.255,net_capital_0.10,full_0.25,nominal_blended_central,0.90727,0.661,0.5997,0.9402,False,False,-0.34049
AMR_0.255,net_capital_0.10,full_0.25,full_time_only_nominal_0.985,0.9853,0.661,0.65128,0.9402,False,False,-0.28891
AMR_0.255,net_capital_0.10,full_0.25,stipulated_JLS_0.75,0.75,0.661,0.49575,0.9402,False,False,-0.44445
AMR_0.255,net_capital_0.10,full_0.25,switcher_scenario_0.58,0.58,0.661,0.38338,0.9402,False,False,-0.55682
AMR_0.255,net_capital_0.10,full_0.25,stayer_scenario_0.79,0.79,0.661,0.52219,0.9402,False,False,-0.41801
AMR_0.255,statutory_upper_0.21,none_0.00,counterfactual_blended_central,0.85978,0.661,0.56832,0.17647,False,True,0.39185
AMR_0.255,statutory_upper_0.21,none_0.00,counterfactual_blended_low,0.82922,0.661,0.54812,0.17647,False,True,0.37165
AMR_0.255,statutory_upper_0.21,none_0.00,counterfactual_blended_high,0.90759,0.661,0.59992,0.17647,False,True,0.42345
AMR_0.255,statutory_upper_0.21,none_0.00,nominal_blended_central,0.90727,0.661,0.5997,0.17647,False,True,0.42323
AMR_0.255,statutory_upper_0.21,none_0.00,full_time_only_nominal_0.985,0.9853,0.661,0.65128,0.17647,False,True,0.47481
AMR_0.255,statutory_upper_0.21,none_0.00,stipulated_JLS_0.75,0.75,0.661,0.49575,0.17647,False,True,0.31928
AMR_0.255,statutory_upper_0.21,none_0.00,switcher_scenario_0.58,0.58,0.661,0.38338,0.17647,False,True,0.20691
AMR_0.255,statutory_upper_0.21,none_0.00,stayer_scenario_0.79,0.79,0.661,0.52219,0.17647,False,True,0.34572
AMR_0.255,statutory_upper_0.21,modest_0.10,counterfactual_blended_central,0.85978,0.661,0.56832,0.30941,False,True,0.2589
AMR_0.255,statutory_upper_0.21,modest_0.10,counterfactual_blended_low,0.82922,0.661,0.54812,0.30941,False,True,0.2387
AMR_0.255,statutory_upper_0.21,modest_0.10,counterfactual_blended_high,0.90759,0.661,0.59992,0.30941,False,True,0.2905
AMR_0.255,statutory_upper_0.21,modest_0.10,nominal_blended_central,0.90727,0.661,0.5997,0.30941,False,True,0.29029
AMR_0.255,statutory_upper_0.21,modest_0.10,full_time_only_nominal_0.985,0.9853,0.661,0.65128,0.30941,False,True,0.34187
AMR_0.255,statutory_upper_0.21,modest_0.10,stipulated_JLS_0.75,0.75,0.661,0.49575,0.30941,False,True,0.18634
AMR_0.255,statutory_upper_0.21,modest_0.10,switcher_scenario_0.58,0.58,0.661,0.38338,0.30941,False,True,0.07397
AMR_0.255,statutory_upper_0.21,modest_0.10,stayer_scenario_0.79,0.79,0.661,0.52219,0.30941,False,True,0.21278
AMR_0.255,statutory_upper_0.21,full_0.25,counterfactual_blended_central,0.85978,0.661,0.56832,0.50882,False,True,0.05949
AMR_0.255,statutory_upper_0.21,full_0.25,counterfactual_blended_low,0.82922,0.661,0.54812,0.50882,False,True,0.03929
AMR_0.255,statutory_upper_0.21,full_0.25,counterfactual_blended_high,0.90759,0.661,0.59992,0.50882,False,True,0.09109
AMR_0.255,statutory_upper_0.21,full_0.25,nominal_blended_central,0.90727,0.661,0.5997,0.50882,False,True,0.09088
AMR_0.255,statutory_upper_0.21,full_0.25,full_time_only_nominal_0.985,0.9853,0.661,0.65128,0.50882,False,True,0.14246
AMR_0.255,statutory_upper_0.21,full_0.25,stipulated_JLS_0.75,0.75,0.661,0.49575,0.50882,False,False,-0.01307
AMR_0.255,statutory_upper_0.21,full_0.25,switcher_scenario_0.58,0.58,0.661,0.38338,0.50882,False,False,-0.12544
AMR_0.255,statutory_upper_0.21,full_0.25,stayer_scenario_0.79,0.79,0.661,0.52219,0.50882,False,True,0.01337
bottom_up_0.301,equipment_0.05,none_0.00,counterfactual_blended_central,0.85978,0.661,0.56832,0.83389,False,False,-0.26557
bottom_up_0.301,equipment_0.05,none_0.00,counterfactual_blended_low,0.82922,0.661,0.54812,0.83389,False,False,-0.28577
bottom_up_0.301,equipment_0.05,none_0.00,counterfactual_blended_high,0.90759,0.661,0.59992,0.83389,False,False,-0.23397
bottom_up_0.301,equipment_0.05,none_0.00,nominal_blended_central,0.90727,0.661,0.5997,0.83389,False,False,-0.23418
bottom_up_0.301,equipment_0.05,none_0.00,full_time_only_nominal_0.985,0.9853,0.661,0.65128,0.83389,False,False,-0.1826
bottom_up_0.301,equipment_0.05,none_0.00,stipulated_JLS_0.75,0.75,0.661,0.49575,0.83389,False,False,-0.33814
bottom_up_0.301,equipment_0.05,none_0.00,switcher_scenario_0.58,0.58,0.661,0.38338,0.83389,False,False,-0.45051
bottom_up_0.301,equipment_0.05,none_0.00,stayer_scenario_0.79,0.79,0.661,0.52219,0.83389,False,False,-0.3117
bottom_up_0.301,equipment_0.05,modest_0.10,counterfactual_blended_central,0.85978,0.661,0.56832,0.94651,False,False,-0.3782
bottom_up_0.301,equipment_0.05,modest_0.10,counterfactual_blended_low,0.82922,0.661,0.54812,0.94651,False,False,-0.3984
bottom_up_0.301,equipment_0.05,modest_0.10,counterfactual_blended_high,0.90759,0.661,0.59992,0.94651,False,False,-0.3466
bottom_up_0.301,equipment_0.05,modest_0.10,nominal_blended_central,0.90727,0.661,0.5997,0.94651,False,False,-0.34681
bottom_up_0.301,equipment_0.05,modest_0.10,full_time_only_nominal_0.985,0.9853,0.661,0.65128,0.94651,False,False,-0.29523
bottom_up_0.301,equipment_0.05,modest_0.10,stipulated_JLS_0.75,0.75,0.661,0.49575,0.94651,False,False,-0.45076
bottom_up_0.301,equipment_0.05,modest_0.10,switcher_scenario_0.58,0.58,0.661,0.38338,0.94651,False,False,-0.56313
bottom_up_0.301,equipment_0.05,modest_0.10,stayer_scenario_0.79,0.79,0.661,0.52219,0.94651,False,False,-0.42432
bottom_up_0.301,equipment_0.05,full_0.25,counterfactual_blended_central,0.85978,0.661,0.56832,1.11545,True,False,-0.54713
bottom_up_0.301,equipment_0.05,full_0.25,counterfactual_blended_low,0.82922,0.661,0.54812,1.11545,True,False,-0.56733
bottom_up_0.301,equipment_0.05,full_0.25,counterfactual_blended_high,0.90759,0.661,0.59992,1.11545,True,False,-0.51553
bottom_up_0.301,equipment_0.05,full_0.25,nominal_blended_central,0.90727,0.661,0.5997,1.11545,True,False,-0.51574
bottom_up_0.301,equipment_0.05,full_0.25,full_time_only_nominal_0.985,0.9853,0.661,0.65128,1.11545,True,False,-0.46417
bottom_up_0.301,equipment_0.05,full_0.25,stipulated_JLS_0.75,0.75,0.661,0.49575,1.11545,True,False,-0.6197
bottom_up_0.301,equipment_0.05,full_0.25,switcher_scenario_0.58,0.58,0.661,0.38338,1.11545,True,False,-0.73207
bottom_up_0.301,equipment_0.05,full_0.25,stayer_scenario_0.79,0.79,0.661,0.52219,1.11545,True,False,-0.59326
bottom_up_0.301,net_capital_0.10,none_0.00,counterfactual_blended_central,0.85978,0.661,0.56832,0.66777,False,False,-0.09946
bottom_up_0.301,net_capital_0.10,none_0.00,counterfactual_blended_low,0.82922,0.661,0.54812,0.66777,False,False,-0.11966
bottom_up_0.301,net_capital_0.10,none_0.00,counterfactual_blended_high,0.90759,0.661,0.59992,0.66777,False,False,-0.06786
bottom_up_0.301,net_capital_0.10,none_0.00,nominal_blended_central,0.90727,0.661,0.5997,0.66777,False,False,-0.06807
bottom_up_0.301,net_capital_0.10,none_0.00,full_time_only_nominal_0.985,0.9853,0.661,0.65128,0.66777,False,False,-0.01649
bottom_up_0.301,net_capital_0.10,none_0.00,stipulated_JLS_0.75,0.75,0.661,0.49575,0.66777,False,False,-0.17202
bottom_up_0.301,net_capital_0.10,none_0.00,switcher_scenario_0.58,0.58,0.661,0.38338,0.66777,False,False,-0.28439
bottom_up_0.301,net_capital_0.10,none_0.00,stayer_scenario_0.79,0.79,0.661,0.52219,0.66777,False,False,-0.14558
bottom_up_0.301,net_capital_0.10,modest_0.10,counterfactual_blended_central,0.85978,0.661,0.56832,0.7804,False,False,-0.21208
bottom_up_0.301,net_capital_0.10,modest_0.10,counterfactual_blended_low,0.82922,0.661,0.54812,0.7804,False,False,-0.23228
bottom_up_0.301,net_capital_0.10,modest_0.10,counterfactual_blended_high,0.90759,0.661,0.59992,0.7804,False,False,-0.18048
bottom_up_0.301,net_capital_0.10,modest_0.10,nominal_blended_central,0.90727,0.661,0.5997,0.7804,False,False,-0.18069
bottom_up_0.301,net_capital_0.10,modest_0.10,full_time_only_nominal_0.985,0.9853,0.661,0.65128,0.7804,False,False,-0.12912
bottom_up_0.301,net_capital_0.10,modest_0.10,stipulated_JLS_0.75,0.75,0.661,0.49575,0.7804,False,False,-0.28465
bottom_up_0.301,net_capital_0.10,modest_0.10,switcher_scenario_0.58,0.58,0.661,0.38338,0.7804,False,False,-0.39702
bottom_up_0.301,net_capital_0.10,modest_0.10,stayer_scenario_0.79,0.79,0.661,0.52219,0.7804,False,False,-0.25821
bottom_up_0.301,net_capital_0.10,full_0.25,counterfactual_blended_central,0.85978,0.661,0.56832,0.94934,False,False,-0.38102
bottom_up_0.301,net_capital_0.10,full_0.25,counterfactual_blended_low,0.82922,0.661,0.54812,0.94934,False,False,-0.40122
bottom_up_0.301,net_capital_0.10,full_0.25,counterfactual_blended_high,0.90759,0.661,0.59992,0.94934,False,False,-0.34942
bottom_up_0.301,net_capital_0.10,full_0.25,nominal_blended_central,0.90727,0.661,0.5997,0.94934,False,False,-0.34963
bottom_up_0.301,net_capital_0.10,full_0.25,full_time_only_nominal_0.985,0.9853,0.661,0.65128,0.94934,False,False,-0.29805
bottom_up_0.301,net_capital_0.10,full_0.25,stipulated_JLS_0.75,0.75,0.661,0.49575,0.94934,False,False,-0.45359
bottom_up_0.301,net_capital_0.10,full_0.25,switcher_scenario_0.58,0.58,0.661,0.38338,0.94934,False,False,-0.56596
bottom_up_0.301,net_capital_0.10,full_0.25,stayer_scenario_0.79,0.79,0.661,0.52219,0.94934,False,False,-0.42715
bottom_up_0.301,statutory_upper_0.21,none_0.00,counterfactual_blended_central,0.85978,0.661,0.56832,0.30233,False,True,0.26599
bottom_up_0.301,statutory_upper_0.21,none_0.00,counterfactual_blended_low,0.82922,0.661,0.54812,0.30233,False,True,0.24579
bottom_up_0.301,statutory_upper_0.21,none_0.00,counterfactual_blended_high,0.90759,0.661,0.59992,0.30233,False,True,0.29759
bottom_up_0.301,statutory_upper_0.21,none_0.00,nominal_blended_central,0.90727,0.661,0.5997,0.30233,False,True,0.29738
bottom_up_0.301,statutory_upper_0.21,none_0.00,full_time_only_nominal_0.985,0.9853,0.661,0.65128,0.30233,False,True,0.34896
bottom_up_0.301,statutory_upper_0.21,none_0.00,stipulated_JLS_0.75,0.75,0.661,0.49575,0.30233,False,True,0.19342
bottom_up_0.301,statutory_upper_0.21,none_0.00,switcher_scenario_0.58,0.58,0.661,0.38338,0.30233,False,True,0.08105
bottom_up_0.301,statutory_upper_0.21,none_0.00,stayer_scenario_0.79,0.79,0.661,0.52219,0.30233,False,True,0.21986
bottom_up_0.301,statutory_upper_0.21,modest_0.10,counterfactual_blended_central,0.85978,0.661,0.56832,0.41495,False,True,0.15337
bottom_up_0.301,statutory_upper_0.21,modest_0.10,counterfactual_blended_low,0.82922,0.661,0.54812,0.41495,False,True,0.13317
bottom_up_0.301,statutory_upper_0.21,modest_0.10,counterfactual_blended_high,0.90759,0.661,0.59992,0.41495,False,True,0.18497
bottom_up_0.301,statutory_upper_0.21,modest_0.10,nominal_blended_central,0.90727,0.661,0.5997,0.41495,False,True,0.18475
bottom_up_0.301,statutory_upper_0.21,modest_0.10,full_time_only_nominal_0.985,0.9853,0.661,0.65128,0.41495,False,True,0.23633
bottom_up_0.301,statutory_upper_0.21,modest_0.10,stipulated_JLS_0.75,0.75,0.661,0.49575,0.41495,False,True,0.0808
bottom_up_0.301,statutory_upper_0.21,modest_0.10,switcher_scenario_0.58,0.58,0.661,0.38338,0.41495,False,False,-0.03157
bottom_up_0.301,statutory_upper_0.21,modest_0.10,stayer_scenario_0.79,0.79,0.661,0.52219,0.41495,False,True,0.10724
bottom_up_0.301,statutory_upper_0.21,full_0.25,counterfactual_blended_central,0.85978,0.661,0.56832,0.58389,False,False,-0.01557
bottom_up_0.301,statutory_upper_0.21,full_0.25,counterfactual_blended_low,0.82922,0.661,0.54812,0.58389,False,False,-0.03577
bottom_up_0.301,statutory_upper_0.21,full_0.25,counterfactual_blended_high,0.90759,0.661,0.59992,0.58389,False,True,0.01603
bottom_up_0.301,statutory_upper_0.21,full_0.25,nominal_blended_central,0.90727,0.661,0.5997,0.58389,False,True,0.01582
bottom_up_0.301,statutory_upper_0.21,full_0.25,full_time_only_nominal_0.985,0.9853,0.661,0.65128,0.58389,False,True,0.0674
bottom_up_0.301,statutory_upper_0.21,full_0.25,stipulated_JLS_0.75,0.75,0.661,0.49575,0.58389,False,False,-0.08814
bottom_up_0.301,statutory_upper_0.21,full_0.25,switcher_scenario_0.58,0.58,0.661,0.38338,0.58389,False,False,-0.20051
bottom_up_0.301,statutory_upper_0.21,full_0.25,stayer_scenario_0.79,0.79,0.661,0.52219,0.58389,False,False,-0.0617
bottom_up_0.318,equipment_0.05,none_0.00,counterfactual_blended_central,0.85978,0.661,0.56832,0.84277,False,False,-0.27445
bottom_up_0.318,equipment_0.05,none_0.00,counterfactual_blended_low,0.82922,0.661,0.54812,0.84277,False,False,-0.29465
bottom_up_0.318,equipment_0.05,none_0.00,counterfactual_blended_high,0.90759,0.661,0.59992,0.84277,False,False,-0.24285
bottom_up_0.318,equipment_0.05,none_0.00,nominal_blended_central,0.90727,0.661,0.5997,0.84277,False,False,-0.24306
bottom_up_0.318,equipment_0.05,none_0.00,full_time_only_nominal_0.985,0.9853,0.661,0.65128,0.84277,False,False,-0.19148
bottom_up_0.318,equipment_0.05,none_0.00,stipulated_JLS_0.75,0.75,0.661,0.49575,0.84277,False,False,-0.34702
bottom_up_0.318,equipment_0.05,none_0.00,switcher_scenario_0.58,0.58,0.661,0.38338,0.84277,False,False,-0.45939
bottom_up_0.318,equipment_0.05,none_0.00,stayer_scenario_0.79,0.79,0.661,0.52219,0.84277,False,False,-0.32058
bottom_up_0.318,equipment_0.05,modest_0.10,counterfactual_blended_central,0.85978,0.661,0.56832,0.94937,False,False,-0.38106
bottom_up_0.318,equipment_0.05,modest_0.10,counterfactual_blended_low,0.82922,0.661,0.54812,0.94937,False,False,-0.40126
bottom_up_0.318,equipment_0.05,modest_0.10,counterfactual_blended_high,0.90759,0.661,0.59992,0.94937,False,False,-0.34946
bottom_up_0.318,equipment_0.05,modest_0.10,nominal_blended_central,0.90727,0.661,0.5997,0.94937,False,False,-0.34967
bottom_up_0.318,equipment_0.05,modest_0.10,full_time_only_nominal_0.985,0.9853,0.661,0.65128,0.94937,False,False,-0.29809
bottom_up_0.318,equipment_0.05,modest_0.10,stipulated_JLS_0.75,0.75,0.661,0.49575,0.94937,False,False,-0.45362
bottom_up_0.318,equipment_0.05,modest_0.10,switcher_scenario_0.58,0.58,0.661,0.38338,0.94937,False,False,-0.56599
bottom_up_0.318,equipment_0.05,modest_0.10,stayer_scenario_0.79,0.79,0.661,0.52219,0.94937,False,False,-0.42718
bottom_up_0.318,equipment_0.05,full_0.25,counterfactual_blended_central,0.85978,0.661,0.56832,1.10928,True,False,-0.54096
bottom_up_0.318,equipment_0.05,full_0.25,counterfactual_blended_low,0.82922,0.661,0.54812,1.10928,True,False,-0.56116
bottom_up_0.318,equipment_0.05,full_0.25,counterfactual_blended_high,0.90759,0.661,0.59992,1.10928,True,False,-0.50936
bottom_up_0.318,equipment_0.05,full_0.25,nominal_blended_central,0.90727,0.661,0.5997,1.10928,True,False,-0.50957
bottom_up_0.318,equipment_0.05,full_0.25,full_time_only_nominal_0.985,0.9853,0.661,0.65128,1.10928,True,False,-0.45799
bottom_up_0.318,equipment_0.05,full_0.25,stipulated_JLS_0.75,0.75,0.661,0.49575,1.10928,True,False,-0.61353
bottom_up_0.318,equipment_0.05,full_0.25,switcher_scenario_0.58,0.58,0.661,0.38338,1.10928,True,False,-0.7259
bottom_up_0.318,equipment_0.05,full_0.25,stayer_scenario_0.79,0.79,0.661,0.52219,1.10928,True,False,-0.58709
bottom_up_0.318,net_capital_0.10,none_0.00,counterfactual_blended_central,0.85978,0.661,0.56832,0.68553,False,False,-0.11722
bottom_up_0.318,net_capital_0.10,none_0.00,counterfactual_blended_low,0.82922,0.661,0.54812,0.68553,False,False,-0.13742
bottom_up_0.318,net_capital_0.10,none_0.00,counterfactual_blended_high,0.90759,0.661,0.59992,0.68553,False,False,-0.08562
bottom_up_0.318,net_capital_0.10,none_0.00,nominal_blended_central,0.90727,0.661,0.5997,0.68553,False,False,-0.08583
bottom_up_0.318,net_capital_0.10,none_0.00,full_time_only_nominal_0.985,0.9853,0.661,0.65128,0.68553,False,False,-0.03425
bottom_up_0.318,net_capital_0.10,none_0.00,stipulated_JLS_0.75,0.75,0.661,0.49575,0.68553,False,False,-0.18978
bottom_up_0.318,net_capital_0.10,none_0.00,switcher_scenario_0.58,0.58,0.661,0.38338,0.68553,False,False,-0.30215
bottom_up_0.318,net_capital_0.10,none_0.00,stayer_scenario_0.79,0.79,0.661,0.52219,0.68553,False,False,-0.16334
bottom_up_0.318,net_capital_0.10,modest_0.10,counterfactual_blended_central,0.85978,0.661,0.56832,0.79214,False,False,-0.22382
bottom_up_0.318,net_capital_0.10,modest_0.10,counterfactual_blended_low,0.82922,0.661,0.54812,0.79214,False,False,-0.24402
bottom_up_0.318,net_capital_0.10,modest_0.10,counterfactual_blended_high,0.90759,0.661,0.59992,0.79214,False,False,-0.19222
bottom_up_0.318,net_capital_0.10,modest_0.10,nominal_blended_central,0.90727,0.661,0.5997,0.79214,False,False,-0.19243
bottom_up_0.318,net_capital_0.10,modest_0.10,full_time_only_nominal_0.985,0.9853,0.661,0.65128,0.79214,False,False,-0.14086
bottom_up_0.318,net_capital_0.10,modest_0.10,stipulated_JLS_0.75,0.75,0.661,0.49575,0.79214,False,False,-0.29639
bottom_up_0.318,net_capital_0.10,modest_0.10,switcher_scenario_0.58,0.58,0.661,0.38338,0.79214,False,False,-0.40876
bottom_up_0.318,net_capital_0.10,modest_0.10,stayer_scenario_0.79,0.79,0.661,0.52219,0.79214,False,False,-0.26995
bottom_up_0.318,net_capital_0.10,full_0.25,counterfactual_blended_central,0.85978,0.661,0.56832,0.95204,False,False,-0.38373
bottom_up_0.318,net_capital_0.10,full_0.25,counterfactual_blended_low,0.82922,0.661,0.54812,0.95204,False,False,-0.40393
bottom_up_0.318,net_capital_0.10,full_0.25,counterfactual_blended_high,0.90759,0.661,0.59992,0.95204,False,False,-0.35213
bottom_up_0.318,net_capital_0.10,full_0.25,nominal_blended_central,0.90727,0.661,0.5997,0.95204,False,False,-0.35234
bottom_up_0.318,net_capital_0.10,full_0.25,full_time_only_nominal_0.985,0.9853,0.661,0.65128,0.95204,False,False,-0.30076
bottom_up_0.318,net_capital_0.10,full_0.25,stipulated_JLS_0.75,0.75,0.661,0.49575,0.95204,False,False,-0.45629
bottom_up_0.318,net_capital_0.10,full_0.25,switcher_scenario_0.58,0.58,0.661,0.38338,0.95204,False,False,-0.56866
bottom_up_0.318,net_capital_0.10,full_0.25,stayer_scenario_0.79,0.79,0.661,0.52219,0.95204,False,False,-0.42985
bottom_up_0.318,statutory_upper_0.21,none_0.00,counterfactual_blended_central,0.85978,0.661,0.56832,0.33962,False,True,0.22869
bottom_up_0.318,statutory_upper_0.21,none_0.00,counterfactual_blended_low,0.82922,0.661,0.54812,0.33962,False,True,0.20849
bottom_up_0.318,statutory_upper_0.21,none_0.00,counterfactual_blended_high,0.90759,0.661,0.59992,0.33962,False,True,0.26029
bottom_up_0.318,statutory_upper_0.21,none_0.00,nominal_blended_central,0.90727,0.661,0.5997,0.33962,False,True,0.26008
bottom_up_0.318,statutory_upper_0.21,none_0.00,full_time_only_nominal_0.985,0.9853,0.661,0.65128,0.33962,False,True,0.31166
bottom_up_0.318,statutory_upper_0.21,none_0.00,stipulated_JLS_0.75,0.75,0.661,0.49575,0.33962,False,True,0.15613
bottom_up_0.318,statutory_upper_0.21,none_0.00,switcher_scenario_0.58,0.58,0.661,0.38338,0.33962,False,True,0.04376
bottom_up_0.318,statutory_upper_0.21,none_0.00,stayer_scenario_0.79,0.79,0.661,0.52219,0.33962,False,True,0.18257
bottom_up_0.318,statutory_upper_0.21,modest_0.10,counterfactual_blended_central,0.85978,0.661,0.56832,0.44623,False,True,0.12209
bottom_up_0.318,statutory_upper_0.21,modest_0.10,counterfactual_blended_low,0.82922,0.661,0.54812,0.44623,False,True,0.10189
bottom_up_0.318,statutory_upper_0.21,modest_0.10,counterfactual_blended_high,0.90759,0.661,0.59992,0.44623,False,True,0.15369
bottom_up_0.318,statutory_upper_0.21,modest_0.10,nominal_blended_central,0.90727,0.661,0.5997,0.44623,False,True,0.15348
bottom_up_0.318,statutory_upper_0.21,modest_0.10,full_time_only_nominal_0.985,0.9853,0.661,0.65128,0.44623,False,True,0.20506
bottom_up_0.318,statutory_upper_0.21,modest_0.10,stipulated_JLS_0.75,0.75,0.661,0.49575,0.44623,False,True,0.04952
bottom_up_0.318,statutory_upper_0.21,modest_0.10,switcher_scenario_0.58,0.58,0.661,0.38338,0.44623,False,False,-0.06285
bottom_up_0.318,statutory_upper_0.21,modest_0.10,stayer_scenario_0.79,0.79,0.661,0.52219,0.44623,False,True,0.07596
bottom_up_0.318,statutory_upper_0.21,full_0.25,counterfactual_blended_central,0.85978,0.661,0.56832,0.60613,False,False,-0.03782
bottom_up_0.318,statutory_upper_0.21,full_0.25,counterfactual_blended_low,0.82922,0.661,0.54812,0.60613,False,False,-0.05802
bottom_up_0.318,statutory_upper_0.21,full_0.25,counterfactual_blended_high,0.90759,0.661,0.59992,0.60613,False,False,-0.00622
bottom_up_0.318,statutory_upper_0.21,full_0.25,nominal_blended_central,0.90727,0.661,0.5997,0.60613,False,False,-0.00643
bottom_up_0.318,statutory_upper_0.21,full_0.25,full_time_only_nominal_0.985,0.9853,0.661,0.65128,0.60613,False,True,0.04515
bottom_up_0.318,statutory_upper_0.21,full_0.25,stipulated_JLS_0.75,0.75,0.661,0.49575,0.60613,False,False,-0.11038
bottom_up_0.318,statutory_upper_0.21,full_0.25,switcher_scenario_0.58,0.58,0.661,0.38338,0.60613,False,False,-0.22275
bottom_up_0.318,statutory_upper_0.21,full_0.25,stayer_scenario_0.79,0.79,0.661,0.52219,0.60613,False,False,-0.08394
