group,level_of_exposed,share_of_total_wage_bill,d_emp,denominator,past_pole,rho_fixed_point_raw,rho_clamped,status,rho_band_lo,rho_band_hi,nonemp_lo,nonemp_hi,outside_data,point_estimate_available
embodied_top20,0.05,0.00681,0.01005,0.9851362541254292,False,0.6925418744347289,0.6925418744347289,inside,0.6925418744347289,0.6925418744347289,19.477159533911884,19.477159533911884,False,True
embodied_top20,0.1,0.01362,0.02011,0.9702577184539682,False,0.6878271201980993,0.6878271201980993,inside,0.6878271201980993,0.6878271201980993,19.648665457769507,19.648665457769507,False,True
embodied_top20,0.25,0.03404,0.05027,0.9256516910333656,False,0.672783889389687,0.672783889389687,inside,0.672783889389687,0.672783889389687,20.195884478764462,20.195884478764462,False,True
embodied_top20,0.5,0.06808,0.10054,0.8513033820667313,False,0.6442065748823086,0.6442065748823086,inside,0.6442065748823086,0.6442065748823086,21.235425137719695,21.235425137719695,False,True
embodied_top20,0.75,0.10212,0.15082,0.7769402833032069,False,0.610152604223261,0.610152604223261,inside,0.610152604223261,0.610152604223261,22.47418699163037,22.47418699163037,False,True
embodied_top20,0.9,0.12254,0.18098,0.7323342558826043,False,0.5864072400180731,0.5864072400180731,inside,0.5864072400180731,0.5864072400180731,23.337958552342265,23.337958552342265,False,True
embodied_top20,1.0,0.13616,0.20109,0.7025919743365725,False,0.5688989382410734,0.5688989382410734,inside,0.5688989382410734,0.5688989382410734,23.974848052989714,23.974848052989714,False,True
cognitive_GPT_top20,0.05,0.00916,0.00769,0.9886266461914975,False,0.6936273695569325,0.6936273695569325,inside,0.6936273695569325,0.6936273695569325,19.437673097412162,19.437673097412162,False,True
cognitive_GPT_top20,0.1,0.01831,0.01538,0.9772532923829951,False,0.6900617798061179,0.6900617798061179,inside,0.6900617798061179,0.6900617798061179,19.567376520670102,19.567376520670102,False,True
cognitive_GPT_top20,0.25,0.04579,0.03845,0.9431332309574878,False,0.678849036193647,0.678849036193647,inside,0.678849036193647,0.678849036193647,19.975256095239455,19.975256095239455,False,True
cognitive_GPT_top20,0.5,0.09157,0.07691,0.8862516721180854,False,0.6582368692225838,0.6582368692225838,inside,0.6582368692225838,0.6582368692225838,20.725053128479296,20.725053128479296,False,True
cognitive_GPT_top20,0.75,0.13736,0.11536,0.8293849030755731,False,0.6348038829780845,0.6348038829780845,inside,0.6348038829780845,0.6348038829780845,21.577461494409068,21.577461494409068,False,True
cognitive_GPT_top20,0.9,0.16483,0.13843,0.7952648416500658,False,0.619135500204755,0.619135500204755,inside,0.619135500204755,0.619135500204755,22.147421311618075,22.147421311618075,False,True
cognitive_GPT_top20,1.0,0.18315,0.15382,0.7725033442361708,False,0.6079134823431941,0.6079134823431941,inside,0.6079134823431941,0.6079134823431941,22.555638250253175,22.555638250253175,False,True
embodied_top30,0.05,0.01021,0.01528,0.9774011903518963,False,0.6901086789031357,0.6901086789031357,inside,0.6901086789031357,0.6901086789031357,19.56567049898617,19.56567049898617,False,True
embodied_top30,0.1,0.02041,0.03055,0.9548171705006827,False,0.6827789073368152,0.6827789073368152,inside,0.6827789073368152,0.6827789073368152,19.83230141569028,19.83230141569028,False,True
embodied_top30,0.25,0.05103,0.07638,0.8870355313532617,False,0.6585388798826235,0.6585388798826235,inside,0.6585388798826235,0.6585388798826235,20.714067059075603,20.714067059075603,False,True
embodied_top30,0.5,0.10207,0.15275,0.7740858525034137,False,0.608715047381051,0.608715047381051,inside,0.608715047381051,0.608715047381051,22.52648017637489,22.52648017637489,False,True
embodied_top30,0.75,0.1531,0.22913,0.6611213838566754,False,0.5418569819162586,0.5418569819162586,inside,0.5418569819162586,0.5418569819162586,24.958537863663786,24.958537863663786,True,True
embodied_top30,0.9,0.18373,0.27495,0.5933545345061445,False,0.489532600653513,0.489532600653513,outside_range,0.0,0.49,26.854998099999996,34.103229999999996,True,False
embodied_top30,1.0,0.20414,0.3055,0.5481717050068273,False,0.44745753319021714,0.44745753319021714,outside_range,0.0,0.49,27.693228999999995,35.74682,True,False
cognitive_AIOE_top20,0.05,0.01155,0.00662,0.9902091544587404,False,0.6941170006801652,0.6941170006801652,inside,0.6941170006801652,0.6941170006801652,19.41986206550575,19.41986206550575,False,True
cognitive_AIOE_top20,0.1,0.02309,0.01325,0.9804035191205908,False,0.6910576714458515,0.6910576714458515,inside,0.6910576714458515,0.6910576714458515,19.53114953890982,19.53114953890982,False,True
cognitive_AIOE_top20,0.25,0.05773,0.03312,0.9510161926999219,False,0.6815110526563153,0.6815110526563153,inside,0.6815110526563153,0.6815110526563153,19.878421441758025,19.878421441758025,False,True
cognitive_AIOE_top20,0.5,0.11545,0.06624,0.9020323853998437,False,0.6642158851253042,0.6642158851253042,inside,0.6642158851253042,0.6642158851253042,20.50755787958833,20.50755787958833,False,True
cognitive_AIOE_top20,0.75,0.17318,0.09936,0.8530485780997655,False,0.6449344692719555,0.6449344692719555,inside,0.6449344692719555,0.6449344692719555,21.208946938962846,21.208946938962846,False,True
cognitive_AIOE_top20,0.9,0.20782,0.11923,0.8236612516790967,False,0.6322661221438592,0.6322661221438592,inside,0.6322661221438592,0.6322661221438592,21.669776171815172,21.669776171815172,False,True
cognitive_AIOE_top20,1.0,0.23091,0.13248,0.8040647707996873,False,0.623303797008097,0.623303797008097,inside,0.623303797008097,0.623303797008097,21.99579355791336,21.99579355791336,False,True
cognitive_AIOE_top30,0.05,0.01497,0.01005,0.9851362541254292,False,0.6925418744347289,0.6925418744347289,inside,0.6925418744347289,0.6925418744347289,19.477159533911884,19.477159533911884,False,True
cognitive_AIOE_top30,0.1,0.02994,0.02011,0.9702577184539682,False,0.6878271201980993,0.6878271201980993,inside,0.6878271201980993,0.6878271201980993,19.648665457769507,19.648665457769507,False,True
cognitive_AIOE_top30,0.25,0.07484,0.05026,0.9256664808302558,False,0.6727891174711995,0.6727891174711995,inside,0.6727891174711995,0.6727891174711995,20.19569429982728,20.19569429982728,False,True
cognitive_AIOE_top30,0.5,0.14968,0.10053,0.8513181718636215,False,0.6442127560172429,0.6442127560172429,inside,0.6442127560172429,0.6442127560172429,21.235200290102153,21.235200290102153,False,True
cognitive_AIOE_top30,0.75,0.22452,0.15079,0.7769846526938772,False,0.6101748662992815,0.6101748662992815,inside,0.6101748662992815,0.6101748662992815,22.473377176797342,22.473377176797342,False,True
cognitive_AIOE_top30,0.9,0.26942,0.18095,0.7323786252732747,False,0.5864322965368092,0.5864322965368092,inside,0.5864322965368092,0.5864322965368092,23.33704708566154,23.33704708566154,False,True
cognitive_AIOE_top30,1.0,0.29936,0.20105,0.702651133524133,False,0.5689352344730914,0.5689352344730914,inside,0.5689352344730914,0.5689352344730914,23.97352772567415,23.97352772567415,False,True
cognitive_GPT_top30,0.05,0.01517,0.01155,0.9829177845919111,False,0.6918479339087853,0.6918479339087853,inside,0.6918479339087853,0.6918479339087853,19.502402612348416,19.502402612348416,False,True
cognitive_GPT_top30,0.1,0.03034,0.0231,0.9658355691838223,False,0.6863978136819375,0.6863978136819375,inside,0.6863978136819375,0.6863978136819375,19.700658525112356,19.700658525112356,False,True
cognitive_GPT_top30,0.25,0.07585,0.05775,0.9145889229595557,False,0.6688259189279607,0.6688259189279607,inside,0.6688259189279607,0.6688259189279607,20.33986131118677,20.33986131118677,False,True
cognitive_GPT_top30,0.5,0.1517,0.1155,0.8291778459191115,False,0.6347126884654556,0.6347126884654556,inside,0.6347126884654556,0.6347126884654556,21.580778825144503,21.580778825144503,False,True
cognitive_GPT_top30,0.75,0.22755,0.17325,0.7437667688786672,False,0.5927646154769144,0.5927646154769144,inside,0.5927646154769144,0.5927646154769144,23.106699933831997,23.106699933831997,False,True
cognitive_GPT_top30,0.9,0.27306,0.2079,0.6925201226544007,False,0.5626291046116618,0.5626291046116618,inside,0.5626291046116618,0.5626291046116618,24.202922212336468,24.202922212336468,False,True
cognitive_GPT_top30,1.0,0.3034,0.231,0.658355691838223,False,0.5399323650197508,0.5399323650197508,inside,0.5399323650197508,0.5399323650197508,25.028548554007536,25.028548554007536,True,True
both_GPT_top20,0.05,0.01597,0.01775,0.9737481105200366,False,0.6889461013094674,0.6889461013094674,inside,0.6889461013094674,0.6889461013094674,19.60796092055452,19.60796092055452,False,True
both_GPT_top20,0.1,0.03193,0.03549,0.9475110108369633,False,0.6803328482143471,0.6803328482143471,inside,0.6803328482143471,0.6803328482143471,19.921280312267754,19.921280312267754,False,True
both_GPT_top20,0.25,0.07983,0.08873,0.8687701321939633,False,0.6513598535496458,0.6513598535496458,inside,0.6513598535496458,0.6513598535496458,20.975214402466243,20.975214402466243,False,True
both_GPT_top20,0.5,0.15965,0.17745,0.7375550541848167,False,0.5893348646975726,0.5893348646975726,inside,0.5893348646975726,0.5893348646975726,23.231462020356563,23.231462020356563,False,True
both_GPT_top20,0.75,0.23948,0.26618,0.60632518637878,False,0.5004526400614036,0.5004526400614036,inside,0.5004526400614036,0.5004526400614036,26.46467997524291,26.46467997524291,True,True
both_GPT_top20,0.9,0.28737,0.31941,0.5275990975326701,False,0.42591231195,0.42591231195,outside_range,0.0,0.49,28.07489158,36.495177999999996,True,False
both_GPT_top20,1.0,0.3193,0.3549,0.4751101083696334,False,0.36248852469341397,0.36248852469341397,outside_range,0.0,0.49,29.048666199999996,38.40454,True,False
embodied_top50,0.05,0.01683,0.02502,0.9629959281809192,False,0.6854730770337245,0.6854730770337245,inside,0.6854730770337245,0.6854730770337245,19.73429714235875,19.73429714235875,False,True
embodied_top50,0.1,0.03366,0.05004,0.9259918563618385,False,0.6729040930124108,0.6729040930124108,inside,0.6729040930124108,0.6729040930124108,20.19151190018845,20.19151190018845,False,True
embodied_top50,0.25,0.08415,0.12509,0.8149944307014862,False,0.628355563290054,0.628355563290054,inside,0.628355563290054,0.628355563290054,21.81202833923693,21.81202833923693,False,True
embodied_top50,0.5,0.16829,0.25019,0.6299740716060822,False,0.5192053772187778,0.5192053772187778,inside,0.5192053772187778,0.5192053772187778,25.782522359041504,25.782522359041504,True,True
embodied_top50,0.75,0.25244,0.37528,0.44496850230756846,False,0.31930430008181465,0.31930430008181465,outside_range,0.0,0.49,29.607852639999997,39.500983999999995,True,False
embodied_top50,0.9,0.30292,0.45034,0.3339562868503261,False,0.09303056104601304,0.09303056104601304,outside_range,0.0,0.49,31.667348919999995,43.53921199999999,True,False
embodied_top50,1.0,0.33658,0.50038,0.2599481432121644,False,-0.16518680371025307,0.0,outside_range,0.0,0.49,33.04034644,46.231364,True,False
both_AIOE_top20,0.05,0.01835,0.01668,0.9753306187872794,False,0.6894507972113022,0.6894507972113022,inside,0.6894507972113022,0.6894507972113022,19.58960188579533,19.58960188579533,False,True
both_AIOE_top20,0.1,0.03671,0.03336,0.9506612375745589,False,0.6813921361803269,0.6813921361803269,inside,0.6813921361803269,0.6813921361803269,19.882747198531902,19.882747198531902,False,True
both_AIOE_top20,0.25,0.09177,0.08339,0.8766678837332875,False,0.6545006932044223,0.6545006932044223,inside,0.6545006932044223,0.6545006932044223,20.860961871020155,20.860961871020155,False,True
both_AIOE_top20,0.5,0.18353,0.16678,0.7533357674665749,False,0.597937388346245,0.597937388346245,inside,0.597937388346245,0.597937388346245,22.91853292759279,22.91853292759279,False,True
both_AIOE_top20,0.75,0.2753,0.25018,0.6299888614029724,False,0.5192166644894781,0.5192166644894781,inside,0.5192166644894781,0.5192166644894781,25.7821117684376,25.7821117684376,True,True
both_AIOE_top20,0.9,0.33036,0.30021,0.5559955075617009,False,0.455232745587995,0.455232745587995,outside_range,0.0,0.49,27.548081979999996,35.46221799999999,True,False
both_AIOE_top20,1.0,0.36706,0.33357,0.5066567451362598,False,0.40218274200940823,0.40218274200940823,outside_range,0.0,0.49,28.463413659999997,37.256986,True,False
cognitive_AIOE_top50,0.05,0.02373,0.01694,0.9749460840681363,False,0.6893283115144766,0.6893283115144766,inside,0.6893283115144766,0.6893283115144766,19.594057478078426,19.594057478078426,False,True
cognitive_AIOE_top50,0.1,0.04745,0.03388,0.9498921681362726,False,0.6811341789309876,0.6811341789309876,inside,0.6811341789309876,0.6811341789309876,19.89213076215861,19.89213076215861,False,True
cognitive_AIOE_top50,0.25,0.11863,0.08469,0.8747452101375719,False,0.6537412921962025,0.6537412921962025,inside,0.6537412921962025,0.6537412921962025,20.88858616805801,20.88858616805801,False,True
cognitive_AIOE_top50,0.5,0.23725,0.16938,0.7494904202751438,False,0.5958745596660137,0.5958745596660137,inside,0.5958745596660137,0.5958745596660137,22.993571269106855,22.993571269106855,False,True
cognitive_AIOE_top50,0.75,0.35588,0.25408,0.6242208406158255,False,0.5147740568530482,0.5147740568530482,inside,0.5147740568530482,0.5147740568530482,25.943717970751024,25.943717970751024,True,True
cognitive_AIOE_top50,0.9,0.42706,0.30489,0.5490738826171246,False,0.44836540999528063,0.44836540999528063,outside_range,0.0,0.49,27.676491819999995,35.714001999999994,True,False
cognitive_AIOE_top50,1.0,0.47451,0.33877,0.4989660507533974,False,0.39296842808752025,0.39296842808752025,outside_range,0.0,0.49,28.606091259999996,37.536745999999994,True,False
both_AIOE_top30,0.05,0.02517,0.02533,0.9625374444773255,False,0.6853232589987494,0.6853232589987494,inside,0.6853232589987494,0.6853232589987494,19.739746987506415,19.739746987506415,False,True
both_AIOE_top30,0.1,0.05035,0.05066,0.925074888954651,False,0.6725798638183064,0.6725798638183064,inside,0.6725798638183064,0.6725798638183064,20.203306200524292,20.203306200524292,False,True
both_AIOE_top30,0.25,0.12587,0.12664,0.8127020121835176,False,0.6273072521304386,0.6273072521304386,inside,0.6273072521304386,0.6273072521304386,21.850162155952823,21.850162155952823,False,True
both_AIOE_top30,0.5,0.25175,0.25328,0.6254040243670351,False,0.5156920417543732,0.5156920417543732,inside,0.5156920417543732,0.5156920417543732,25.91032495794753,25.91032495794753,True,True
both_AIOE_top30,0.75,0.37762,0.37992,0.4381060365505527,False,0.3086419248988208,0.3086419248988208,outside_range,0.0,0.49,29.73516496,39.750615999999994,True,False
both_AIOE_top30,0.9,0.45315,0.4559,0.3257331597794192,False,0.07013413579106426,0.07013413579106426,outside_range,0.0,0.49,31.819904199999996,43.83834,True,False
both_AIOE_top30,1.0,0.5035,0.50656,0.25080804873407025,False,-0.20764922676363878,0.0,outside_range,0.0,0.49,33.209913279999995,46.56384799999999,True,False
both_GPT_top30,0.05,0.02526,0.02663,0.9606147708816098,False,0.6846934324757263,0.6846934324757263,inside,0.6846934324757263,0.6846934324757263,19.762657827452617,19.762657827452617,False,True
both_GPT_top30,0.1,0.05051,0.05326,0.9212295417632197,False,0.6712131641587681,0.6712131641587681,inside,0.6712131641587681,0.6712131641587681,20.253021853977433,20.253021853977433,False,True
both_GPT_top30,0.25,0.12628,0.13314,0.8030886442049394,False,0.6228459357439211,0.6228459357439211,inside,0.6228459357439211,0.6228459357439211,22.01244891578992,22.01244891578992,False,True
both_GPT_top30,0.5,0.25256,0.26629,0.6061624986129887,False,0.5003185666997533,0.5003185666997533,inside,0.5003185666997533,0.5003185666997533,26.469557085395518,26.469557085395518,True,True
both_GPT_top30,0.75,0.37884,0.39943,0.4092511428179282,False,0.2598966394223389,0.2598966394223389,outside_range,0.0,0.49,30.270480339999995,40.800253999999995,True,False
both_GPT_top30,0.9,0.45461,0.47932,0.2910954554627576,False,-0.040511421376511675,0.0,outside_range,0.0,0.49,32.46250216,45.098336,True,False
both_GPT_top30,1.0,0.50512,0.53258,0.2123249972259773,False,-0.4265307904251772,0.0,outside_range,0.0,0.49,33.92385004,47.963724,True,False
cognitive_GPT_top50,0.05,0.02682,0.01912,0.9717219083460902,False,0.688297502075131,0.688297502075131,inside,0.688297502075131,0.688297502075131,19.6315546447054,19.6315546447054,False,True
cognitive_GPT_top50,0.1,0.05364,0.03824,0.9434438166921802,False,0.6789547604628363,0.6789547604628363,inside,0.6789547604628363,0.6789547604628363,19.97141022384268,19.97141022384268,False,True
cognitive_GPT_top50,0.25,0.13409,0.09561,0.8585947519335606,False,0.6472280485785744,0.6472280485785744,inside,0.6472280485785744,0.6472280485785744,21.12551471361665,21.12551471361665,False,True
cognitive_GPT_top50,0.5,0.26819,0.19121,0.7172042936640113,False,0.5776821907013137,0.5776821907013137,inside,0.5776821907013137,0.5776821907013137,23.65534469140089,23.65534469140089,False,True
cognitive_GPT_top50,0.75,0.40228,0.28682,0.5757990455975719,False,0.473969002839427,0.473969002839427,outside_range,0.0,0.49,27.180687159999998,34.741836,True,False
cognitive_GPT_top50,0.9,0.48273,0.34418,0.4909647706358423,False,0.38307560086738945,0.38307560086738945,outside_range,0.0,0.49,28.754530839999994,37.827804,True,False
cognitive_GPT_top50,1.0,0.53637,0.38243,0.4343937975311324,False,0.3027337226239069,0.3027337226239069,outside_range,0.0,0.49,29.804034339999998,39.885654,True,False
both_AIOE_top50,0.05,0.03841,0.04032,0.9403675389390352,False,0.6779045069319077,0.6779045069319077,inside,0.6779045069319077,0.6779045069319077,20.00961469709119,20.00961469709119,False,True
both_AIOE_top50,0.1,0.07681,0.08064,0.8807350778780706,False,0.6560961931372864,0.6560961931372864,inside,0.6560961931372864,0.6560961931372864,20.802923280615012,20.802923280615012,False,True
both_AIOE_top50,0.25,0.19204,0.20159,0.7018524844920666,False,0.5684447190651489,0.5684447190651489,inside,0.5684447190651489,0.5684447190651489,23.99137092470072,23.99137092470072,False,True
both_AIOE_top50,0.5,0.38407,0.40318,0.4037049689841331,False,0.24972896201408548,0.24972896201408548,outside_range,0.0,0.49,30.373372839999995,41.002004,True,False
both_AIOE_top50,0.75,0.57611,0.60477,0.10555745347619949,False,-1.8694150545048012,0.0,outside_range,0.0,0.49,35.90459926,51.847546,True,False
both_AIOE_top50,0.9,0.69133,0.72573,-0.07333992970669456,True,,,no_solution,0.0,0.49,39.223499739999994,58.355194,True,False
both_AIOE_top50,1.0,0.76814,0.80637,-0.19260485182862408,True,,,no_solution,0.0,0.49,41.43610006,62.693626,True,False
both_GPT_top50,0.05,0.04187,0.04232,0.9374095795610112,False,0.6768881471622687,0.6768881471622687,inside,0.6768881471622687,0.6768881471622687,20.046586236330587,20.046586236330587,False,True
both_GPT_top50,0.1,0.08375,0.08464,0.8748191591220225,False,0.6537705616509604,0.6537705616509604,inside,0.6537705616509604,0.6537705616509604,20.88752144980821,20.88752144980821,False,True
both_GPT_top50,0.25,0.20937,0.21159,0.6870626876019463,False,0.5591550063983726,0.5591550063983726,inside,0.5591550063983726,0.5591550063983726,24.329297500153853,24.329297500153853,False,True
both_GPT_top50,0.5,0.41875,0.42318,0.37412537520389266,False,0.19041004381291293,0.19041004381291293,outside_range,0.0,0.49,30.922132839999996,42.07800399999999,True,False
both_GPT_top50,0.75,0.62812,0.63476,0.06120285260272895,False,-3.948922039400033,0.0,outside_range,0.0,0.49,36.72746488,53.461008,True,False
both_GPT_top50,0.9,0.75374,0.76172,-0.12656840871423714,True,,,no_solution,0.0,0.49,40.210993359999996,60.291456,True,False
both_GPT_top50,1.0,0.83749,0.84635,-0.2517344597953246,True,,,no_solution,0.0,0.49,42.533071299999996,64.84455,True,False
