occp,title,embodiment_P,structure_S,structure_S_rank,employment,smt_robot,smt_robot_est,emp_in_smt,n_ind
10,Chief executives,0.13185,0.4231,0.2238,1868279.0,0.53707,0.59394,174938.0,35.0
20,General and operations managers,0.2203,0.4167,0.17573,1508976.0,0.55983,0.53658,133550.0,35.0
51,Marketing managers,0.158,0.4665,0.52091,736175.0,0.57687,0.65909,63121.0,34.0
52,Sales managers,0.1037,0.3959,0.0889,660538.0,0.515,0.60603,102193.0,35.0
60,Public relations and fundraising managers,0.10945,0.4366,0.29917,143021.0,0.67236,0.60358,7683.0,15.0
101,Administrative services managers,0.2948,0.4701,0.54375,80112.0,0.56099,0.60506,10147.0,25.0
102,Facilities managers,0.361,0.44025,0.30423,152463.0,0.61156,0.59586,11416.0,24.0
110,Computer and information systems managers,0.1777,0.4846,0.59072,704959.0,0.61684,0.62882,61663.0,32.0
120,Financial managers,0.0929,0.50957,0.6997,1678045.0,0.5942,0.63172,71342.0,34.0
135,Compensation and benefits managers,0.0787,0.5141,0.71717,26052.0,0.59481,0.63965,2040.0,14.0
136,Human resources managers,0.1237,0.4652,0.5169,336836.0,0.58125,0.68282,34036.0,34.0
137,Training and development managers,0.1193,0.4877,0.59659,91138.0,0.54392,0.58161,7212.0,22.0
140,Industrial production managers,0.31523,0.45228,0.41772,380984.0,0.52231,0.67241,137608.0,35.0
150,Purchasing managers,0.0922,0.4956,0.62527,285315.0,0.63711,0.65389,54395.0,33.0
160,"Transportation, storage, and distribution managers",0.1789,0.4628,0.51196,420558.0,0.574,0.5054,64443.0,33.0
220,Construction managers,0.3933,0.4104,0.13256,1342333.0,0.62318,0.42812,2972.0,18.0
230,Education and childcare administrators ,0.19707,0.40537,0.11476,1282072.0,0.7485,0.48558,1335.0,4.0
300,Architectural and engineering managers,0.25405,0.4484,0.40309,262009.0,0.63981,0.78894,102284.0,32.0
350,Medical and health services managers,0.171,0.5449,0.88256,932432.0,0.68826,0.49707,5422.0,7.0
360,Natural sciences managers,0.18087,0.4666,0.52116,46917.0,0.77566,0.47616,21655.0,8.0
410,"Property, real estate, and community association managers",0.2118,0.4474,0.40166,750715.0,0.63358,0.45458,2299.0,9.0
440,"Managers, all other",0.21257,0.4352,0.29839,5633049.0,0.61213,0.59205,742788.0,35.0
500,"Agents and business managers of artists, performers, and athletes",0.0818,0.4429,0.35542,65686.0,0.67047,0.5884,3544.0,10.0
520,"Wholesale and retail buyers, except farm products",0.1837,0.5332,0.80242,257649.0,0.53771,0.70506,2747.0,14.0
530,"Purchasing agents, except wholesale, retail, and farm products",0.111,0.5063,0.67441,367301.0,0.54804,0.62011,89448.0,33.0
540,"Claims adjusters, appraisers, examiners, and investigators",0.2396,0.4723,0.56371,431244.0,0.54124,0.50484,1055.0,7.0
565,Compliance officers,0.24327,0.45184,0.4155,414737.0,0.61456,0.54062,28404.0,27.0
600,Cost estimators,0.0647,0.5134,0.71635,183866.0,0.45209,0.57529,15023.0,26.0
630,Human resources workers,0.2156,0.45463,0.44404,1208633.0,0.63174,0.67006,81007.0,34.0
640,"Compensation, benefits, and job analysis specialists",0.1257,0.5378,0.83981,89133.0,0.6379,0.74506,3794.0,16.0
650,Training and development specialists,0.1367,0.4376,0.30115,228866.0,0.60881,0.56578,23925.0,26.0
700,Logisticians,0.14607,0.4897,0.598,259682.0,0.63953,0.52837,51712.0,33.0
705,Project management specialists,0.1595,0.4906,0.60717,1156666.0,0.58415,0.61935,160147.0,35.0
710,Management analysts,0.1017,0.4529,0.43407,1300246.0,0.59554,0.60142,40704.0,31.0
725,"Meeting, convention, and event planners",0.3645,0.4425,0.35285,208606.0,0.5365,0.51611,4152.0,13.0
726,Fundraisers,0.112,0.4071,0.11832,103321.0,0.76113,0.59985,1012.0,3.0
735,Market research analysts and marketing specialists,0.08715,0.52375,0.76683,629511.0,0.55743,0.6207,50605.0,31.0
750,"Business operations specialists, all other",0.14825,0.44715,0.39619,759000.0,0.62421,0.60522,69922.0,32.0
800,Accountants and auditors,0.1562,0.568,0.91812,2042418.0,0.58919,0.5866,115602.0,35.0
820,Budget analysts,0.1522,0.51,0.70029,67964.0,0.72313,0.56537,5510.0,15.0
830,Credit analysts,0.0903,0.5809,0.9285,41142.0,0.60512,0.72051,1237.0,12.0
845,Financial and investment analysts,0.08,0.50735,0.67721,409281.0,0.70524,0.64763,35154.0,28.0
850,Personal financial advisors,0.0418,0.4902,0.60087,527026.0,0.67898,0.56127,4259.0,17.0
940,Tax preparers,0.1182,0.5489,0.88983,164025.0,0.74503,0.71283,1010.0,8.0
1005,Computer and information research scientists,0.1797,0.4779,0.57451,35097.0,0.74441,0.57872,6068.0,9.0
1006,Computer systems analysts,0.19925,0.5293,0.79236,664907.0,0.67653,0.627,48126.0,29.0
1007,Information security analysts,0.1723,0.4909,0.6085,243770.0,0.71591,0.59246,20897.0,24.0
1010,Computer programmers,0.1508,0.5597,0.90615,349972.0,0.56487,0.69367,42252.0,31.0
1021,Software developers,0.1323,0.5106,0.71329,2387203.0,0.66732,0.75517,248759.0,34.0
1022,Software quality assurance analysts and testers,0.13,0.5689,0.91876,117192.0,0.6063,0.71518,12350.0,19.0
1031,Web developers,0.1593,0.5583,0.90391,107503.0,0.63152,0.75449,3693.0,18.0
1032,Web and digital interface designers,0.13835,0.5068,0.67498,87488.0,0.53624,0.77581,3618.0,14.0
1050,Computer support specialists,0.309,0.50185,0.66796,761843.0,0.59883,0.64606,47973.0,33.0
1105,Network and computer systems administrators,0.2433,0.4958,0.63517,247828.0,0.6542,0.64953,21101.0,27.0
1106,Computer network architects,0.2865,0.47375,0.56502,124589.0,0.65463,0.7302,6908.0,18.0
1108,"Computer occupations, all other",0.16608,0.5273,0.77513,1068411.0,0.59641,0.63724,62961.0,31.0
1220,Operations research analysts,0.0755,0.5085,0.67843,223745.0,0.69185,0.61942,16436.0,20.0
1305,"Architects, except landscape and naval",0.1968,0.4846,0.58689,266758.0,0.67154,0.7087,3534.0,13.0
1310,"Surveyors, cartographers, and photogrammetrists",0.33442,0.4938,0.60961,40038.0,0.73981,0.47141,1104.0,3.0
1320,Aerospace engineers,0.1335,0.4689,0.5345,182857.0,0.81932,0.46515,157913.0,10.0
1340,Bioengineers and biomedical engineers,0.2215,0.513,0.71405,26509.0,0.45207,0.47657,14485.0,8.0
1350,Chemical engineers,0.1483,0.4411,0.34529,99256.0,0.96971,0.31199,37043.0,13.0
1360,Civil engineers,0.1314,0.4442,0.36045,582696.0,0.70787,0.52217,12468.0,15.0
1400,Computer hardware engineers,0.1762,0.523,0.76085,68773.0,0.60533,0.81977,16318.0,21.0
1410,Electrical and electronics engineers,0.23172,0.4822,0.58371,322160.0,0.63281,0.86527,140140.0,32.0
1420,Environmental engineers,0.15,0.4168,0.17595,40443.0,0.70371,0.72705,3070.0,12.0
1430,"Industrial engineers, including health and safety ",0.21829,0.43201,0.25109,360763.0,0.59463,0.70369,189789.0,33.0
1440,Marine engineers and naval architects,0.3753,0.4143,0.16555,16139.0,0.47351,0.05794,9365.0,3.0
1450,Materials engineers,0.2158,0.4867,0.59598,66654.0,0.63178,0.8913,49150.0,30.0
1460,Mechanical engineers,0.22933,0.4718,0.55835,409831.0,0.63742,0.87491,283343.0,34.0
1530,"Engineers, all other",0.25704,0.45821,0.48356,785806.0,0.59381,0.81601,259540.0,32.0
1541,Architectural and civil drafters,0.2112,0.5354,0.83614,65659.0,0.52669,0.65008,15573.0,25.0
1551,Electrical and electronic engineering technologists and technicians,0.3923,0.4551,0.44477,135154.0,0.61496,0.76652,45968.0,29.0
1600,Agricultural and food scientists,0.31527,0.45143,0.41229,41183.0,0.76531,0.45931,6498.0,6.0
1610,Biological scientists,0.314,0.49886,0.64471,118986.0,0.76704,0.46841,22185.0,8.0
1650,Medical scientists,0.1665,0.51335,0.71535,212885.0,0.76166,0.47341,66044.0,7.0
1700,Astronomers and physicists,0.1356,0.4708,0.55492,25185.0,0.75566,0.51377,8721.0,8.0
1710,Atmospheric and space scientists,0.1028,0.4998,0.64578,14566.0,0.79986,0.45227,1607.0,5.0
1720,Chemists and materials scientists,0.2681,0.5034,0.66879,125981.0,0.81011,0.43096,43553.0,17.0
1745,"Environmental scientists and specialists, including health",0.15195,0.42242,0.2135,57728.0,0.71266,0.51834,4514.0,16.0
1760,"Physical scientists, all other",0.1998,0.5383,0.84407,465125.0,0.77205,0.48556,157054.0,17.0
1800,Economists,0.0539,0.47695,0.57395,44827.0,0.75367,0.54416,2964.0,6.0
1840,Urban and regional planners,0.0807,0.3954,0.08466,48383.0,0.68012,0.43069,1021.0,9.0
1860,Miscellaneous social scientists and related workers,0.12978,0.44564,0.36096,73178.0,0.79083,0.46954,12158.0,4.0
1900,Agricultural and food science technicians,0.42028,0.5207,0.75484,50805.0,0.73977,0.42645,2833.0,8.0
1910,Biological technicians,0.4633,0.5373,0.83897,39961.0,0.76745,0.49203,8827.0,6.0
1920,Chemical technicians,0.4735,0.5757,0.925,77563.0,0.90863,0.42617,23938.0,15.0
1935,Environmental  science and geoscience technicians,0.39425,0.47485,0.56708,26109.0,0.76139,0.39241,1385.0,5.0
1980,Occupational health and safety specialists and technicians,0.32895,0.4046,0.10778,116027.0,0.6583,0.58411,14059.0,26.0
2100,Lawyers,0.0947,0.3884,0.07701,1446171.0,0.68265,0.65053,22114.0,26.0
2145,Paralegals and legal assistants,0.1387,0.5312,0.79875,591324.0,0.66103,0.65573,5746.0,18.0
2170,"Title examiners, abstractors, and searchers",0.127,0.5218,0.76047,117796.0,0.79039,0.80923,1226.0,5.0
2400,"Archivists, curators, and museum technicians",0.3593,0.47253,0.56434,115331.0,0.74773,0.51265,1839.0,7.0
2435,Librarians and media collections specialists,0.23,0.5168,0.72473,263777.0,0.73986,0.51498,2147.0,6.0
2545,Teaching assistants,0.2521,0.43317,0.26653,2003955.0,0.77231,0.44789,3471.0,2.0
2600,Artists and related workers,0.33745,0.52065,0.75278,401822.0,0.5362,0.8215,16729.0,20.0
2631,Commercial and industrial designers,0.2337,0.5064,0.67451,17167.0,0.48666,0.63378,5374.0,14.0
2634,Graphic designers,0.2027,0.5416,0.87206,390650.0,0.48153,0.57012,22766.0,28.0
2635,Interior designers,0.1703,0.469,0.53526,139556.0,0.45759,0.48357,2576.0,5.0
2700,Actors,0.3143,0.4293,0.23908,91673.0,0.59912,0.39562,1081.0,7.0
2710,Producers and directors,0.22045,0.47392,0.56649,270633.0,0.66888,0.77552,5484.0,15.0
2751,Music directors and composers,0.2945,0.4832,0.58513,61733.0,0.70893,0.34981,14595.0,2.0
2752,Musicians and singers,0.3722,0.5525,0.89326,230050.0,0.67451,0.36669,6129.0,6.0
2825,Public relations specialists,0.0928,0.4523,0.41869,177787.0,0.65751,0.59105,9267.0,15.0
2830,Editors,0.1923,0.4674,0.52209,170390.0,0.70824,0.4766,4093.0,10.0
2840,Technical writers,0.155,0.5751,0.92458,84291.0,0.6447,0.64491,18913.0,26.0
2850,Writers and authors,0.12925,0.5207,0.75456,327487.0,0.66924,0.56964,5906.0,17.0
2861,Interpreters and translators,0.2142,0.5139,0.71703,123922.0,0.69701,0.8933,1882.0,8.0
2865,"Media and communication workers, all other",0.2381,0.5602,0.90636,38827.0,0.75166,0.57571,2301.0,8.0
2905,"Broadcast, sound, and lighting technicians",0.39027,0.53983,0.86863,153263.0,0.70311,0.40929,20332.0,16.0
2910,Photographers,0.4232,0.4204,0.21224,275500.0,0.59041,0.68717,1537.0,9.0
2920,"Television, video, and film camera operators and editors",0.35965,0.4848,0.59152,145801.0,0.61467,0.59529,2672.0,11.0
3030,Dietitians and nutritionists,0.1108,0.4374,0.2999,134130.0,0.73694,0.47399,1323.0,2.0
3050,Pharmacists,0.2735,0.5169,0.73064,417974.0,0.70161,0.47394,2785.0,2.0
3255,Registered nurses,0.39442,0.4466,0.38914,4279663.0,0.64668,0.54621,11327.0,14.0
3300,Clinical laboratory technologists and technicians,0.42082,0.61895,0.99371,384081.0,0.73131,0.48465,8805.0,6.0
3321,Cardiovascular technologists and technicians,0.5157,0.5215,0.75722,60543.0,0.57823,0.47379,1716.0,2.0
3323,Radiologic technologists and technicians,0.5233,0.5332,0.80044,274266.0,0.76327,0.45637,1322.0,5.0
3424,Veterinary technologists and technicians,0.548,0.4393,0.30322,198540.0,0.75055,0.47152,1552.0,2.0
3500,Licensed practical and licensed vocational nurses,0.4978,0.5168,0.72837,668208.0,0.63234,0.74551,1639.0,7.0
3520,"Opticians, dispensing",0.3765,0.5086,0.6789,87282.0,0.3589,0.44858,1087.0,3.0
3545,Miscellaneous health technologists and technicians,0.3726,0.46353,0.51409,162766.0,0.5365,0.47091,4494.0,7.0
3602,Personal care aides,0.487,0.4701,0.55478,2025577.0,0.56543,0.23156,1276.0,6.0
3603,Nursing assistants,0.5082,0.4956,0.63382,1570871.0,0.58209,0.45125,1976.0,7.0
3645,Medical assistants,0.4002,0.5089,0.68495,780564.0,0.59432,0.47381,2128.0,2.0
3725,First-line supervisors of security workers,0.3695,0.3998,0.09821,92786.0,0.71202,0.69216,2291.0,12.0
3740,Firefighters,0.6648,0.4062,0.11728,403021.0,0.65047,0.25149,1911.0,8.0
3870,Police officers,0.50428,0.36558,0.03484,984259.0,0.519,0.15811,2184.0,7.0
3910,Private detectives and investigators,0.2572,0.4381,0.30186,130268.0,0.72074,0.43217,1806.0,8.0
3930,Security guards and gambling surveillance officers,0.35175,0.49385,0.61643,1252786.0,0.68613,0.48983,27146.0,26.0
3940,Crossing guards and flaggers,0.4132,0.3116,0.0005,81492.0,0.6074,0.13239,1357.0,2.0
3945,Transportation security screeners,0.5343,0.5596,0.90419,50490.0,0.63492,0.07435,6653.0,1.0
4000,Chefs and head cooks,0.5282,0.5015,0.66381,612522.0,0.56515,0.48887,1963.0,10.0
4010,First-line supervisors of food preparation and serving workers,0.451,0.5487,0.88894,562307.0,0.60788,0.35215,1385.0,5.0
4020,Cooks,0.4932,0.53342,0.81801,2864163.0,0.74684,0.21855,2185.0,6.0
4030,Food preparation workers,0.4542,0.593,0.97788,1254931.0,0.54094,0.24417,1406.0,5.0
4120,"Food servers, nonrestaurant",0.5115,0.5237,0.76277,296614.0,0.63655,0.13871,1623.0,3.0
4200,First-line supervisors of housekeeping and janitorial workers,0.4848,0.5172,0.73237,270864.0,0.68508,0.71493,3192.0,12.0
4230,Maids and housekeeping cleaners,0.5202,0.5817,0.93804,1751946.0,0.60115,0.55654,5942.0,18.0
4251,Landscaping and groundskeeping workers,0.4857,0.4527,0.42699,1525107.0,0.54412,0.35806,3709.0,16.0
4350,Animal caretakers,0.502,0.3831,0.06603,465659.0,0.76873,0.45532,3374.0,4.0
4530,"Baggage porters, bellhops, and concierges",0.3968,0.41325,0.15602,117616.0,0.63254,0.09582,5731.0,3.0
4700,First-Line supervisors of retail sales workers,0.372,0.4602,0.50341,3407854.0,0.4333,0.53105,9623.0,20.0
4710,First-Line supervisors of non-retail sales workers,0.2223,0.4789,0.58168,1204408.0,0.23768,0.28092,27507.0,24.0
4720,Cashiers,0.4022,0.53935,0.86771,4341146.0,0.5633,0.11852,12453.0,11.0
4740,Counter and rental clerks,0.3637,0.476,0.5728,85123.0,0.30993,0.09501,3059.0,6.0
4750,Parts salespersons,0.4593,0.3998,0.099,143732.0,0.59449,0.87109,2311.0,14.0
4760,Retail salespersons,0.3765,0.4556,0.46875,3958551.0,0.46776,0.60943,2056.0,12.0
4840,"Sales representatives of services, except advertising, insurance, financial services, and travel",0.1592,0.4618,0.50967,869503.0,0.62818,0.14619,27232.0,16.0
4850,"Sales representatives, wholesale and manufacturing",0.2521,0.4133,0.16359,1390664.0,0.48828,0.64083,290831.0,32.0
4930,Sales engineers,0.1363,0.4313,0.2407,57160.0,0.49643,0.69772,16107.0,23.0
4965,"Sales and related workers, all other",0.1837,0.3459,0.01595,610100.0,0.57718,0.50696,19902.0,26.0
5000,First-Line supervisors of office and administrative support workers,0.2305,0.4697,0.54332,1480855.0,0.52258,0.52732,83433.0,34.0
5010,"Switchboard operators, including answering service",0.1647,0.5132,0.71419,25397.0,0.55796,0.6541,1141.0,7.0
5100,Bill and account collectors,0.1172,0.5415,0.86993,142356.0,0.56956,0.50746,3432.0,14.0
5110,Billing and posting clerks,0.0977,0.5292,0.78874,545813.0,0.58451,0.45612,16964.0,19.0
5120,"Bookkeeping, accounting, and auditing clerks",0.1732,0.5829,0.94646,1548344.0,0.50403,0.53525,88143.0,34.0
5140,Payroll and timekeeping clerks,0.1667,0.6217,0.99493,208358.0,0.53129,0.4518,7967.0,23.0
5150,Procurement clerks,0.1743,0.5121,0.71391,49725.0,0.57742,0.60908,12253.0,24.0
5240,Customer service representatives,0.2767,0.5838,0.96807,3788955.0,0.55723,0.5179,186590.0,35.0
5260,File clerks,0.3343,0.5245,0.76783,183801.0,0.55133,0.4987,10356.0,22.0
5310,"Interviewers, except eligibility and loan",0.1938,0.5476,0.8855,280178.0,0.7767,0.46155,5433.0,6.0
5350,Order clerks,0.2107,0.5335,0.81854,97240.0,0.47428,0.57293,10210.0,25.0
5360,"Human resources assistants, except payroll and timekeeping",0.1365,0.5284,0.78487,125343.0,0.55748,0.66701,10352.0,22.0
5400,Receptionists and information clerks,0.2195,0.5275,0.78393,1616602.0,0.5882,0.52616,25065.0,27.0
5410,Reservation and transportation ticket agents and travel clerks,0.3077,0.574,0.92412,151990.0,0.63749,0.08789,12665.0,3.0
5500,Cargo and freight agents,0.299,0.4829,0.5848,29387.0,0.63327,0.09785,7628.0,4.0
5510,Couriers and messengers,0.5065,0.4465,0.36584,821941.0,0.60552,0.29644,10138.0,15.0
5522,"Dispatchers, except police, fire, and ambulance",0.2137,0.5198,0.75059,246105.0,0.62781,0.18238,27094.0,19.0
5600,"Production, planning, and expediting clerks",0.2323,0.5208,0.75646,298305.0,0.61477,0.66067,84105.0,34.0
5610,"Shipping, receiving, and inventory clerks",0.4985,0.4949,0.62372,721690.0,0.51842,0.60751,148737.0,34.0
5630,"Weighers, measurers, checkers, and samplers, recordkeeping",0.4865,0.576,0.92548,87709.0,0.61855,0.66651,15638.0,25.0
5710,Executive secretaries and executive administrative assistants,0.2183,0.5086,0.6807,329375.0,0.61133,0.6061,22247.0,28.0
5740,"Secretaries and administrative assistants, except legal, medical, and executive",0.1872,0.5004,0.66048,2643766.0,0.49883,0.54322,111111.0,35.0
5810,Data entry keyers,0.2658,0.6024,0.98653,375370.0,0.57382,0.4883,23492.0,30.0
5850,"Mail clerks and mail machine operators, except postal service",0.5222,0.5968,0.98032,83761.0,0.56662,0.43204,2757.0,16.0
5860,"Office clerks, general",0.2162,0.5551,0.90257,1710727.0,0.5436,0.53584,68289.0,34.0
5900,"Office machine operators, except computer",0.4047,0.5504,0.8906,43000.0,0.51181,0.38303,1733.0,8.0
5920,Statistical assistants,0.0853,0.5485,0.88572,40720.0,0.54136,0.55905,1282.0,10.0
6050,Miscellaneous agricultural workers,0.6073,0.42813,0.23302,968718.0,0.64344,0.37127,1265.0,5.0
6130,Logging workers,0.58517,0.43317,0.25561,63679.0,0.44817,0.34549,1745.0,4.0
6200,First-line supervisors of construction trades and extraction workers,0.5134,0.3605,0.02288,778701.0,0.57097,0.44752,4801.0,15.0
6210,Boilermakers,0.5948,0.4077,0.11844,21673.0,0.31321,0.44983,2940.0,5.0
6220,"Brickmasons, blockmasons, and stonemasons",0.71325,0.3697,0.0375,167228.0,0.36213,0.61956,1640.0,7.0
6230,Carpenters,0.6408,0.432,0.24912,1466865.0,0.41589,0.60934,34938.0,20.0
6260,Construction laborers,0.6583,0.3782,0.0591,2436476.0,0.42477,0.53333,4201.0,19.0
6305,Construction equipment operators,0.60633,0.39127,0.08239,480365.0,0.64455,0.29042,4353.0,10.0
6355,Electricians,0.6787,0.3766,0.04584,1157113.0,0.58577,0.64824,76912.0,33.0
6400,Insulation workers,0.6309,0.3942,0.08421,53063.0,0.51165,0.11026,1787.0,5.0
6410,Painters and paperhangers,0.62965,0.43275,0.25527,715652.0,0.52445,0.49989,10067.0,15.0
6442,"Plumbers, pipefitters, and steamfitters",0.59215,0.364,0.02831,745349.0,0.53958,0.53547,22187.0,24.0
6520,Sheet metal workers,0.6363,0.531,0.79365,172882.0,0.42454,0.59181,65432.0,28.0
6530,Structural iron and steel workers,0.713,0.4681,0.52268,81682.0,0.31464,0.41541,8777.0,11.0
6600,"Helpers, construction trades",0.64933,0.42057,0.21267,60834.0,0.38751,0.54785,1658.0,7.0
6700,Elevator and escalator installers and repairers,0.6337,0.4094,0.11946,38826.0,0.35112,0.39255,2210.0,2.0
6720,Hazardous materials removal workers,0.5413,0.417,0.17615,35220.0,0.71736,0.52576,2378.0,8.0
6730,Highway maintenance workers,0.6292,0.4305,0.24039,98962.0,0.64043,0.10613,7403.0,4.0
6740,Rail-track laying and maintenance equipment operators,0.6208,0.4044,0.10715,9896.0,0.64501,0.15028,1075.0,2.0
6835,"Explosives workers, ordnance handling experts, and blasters",0.6577,0.4205,0.21234,18555.0,0.60944,0.42761,1986.0,11.0
7000,"First-line supervisors of mechanics, installers, and repairers",0.5058,0.4186,0.18092,308485.0,0.60474,0.50399,36241.0,34.0
7010,"Computer, automated teller, and office machine repairers",0.4875,0.4501,0.41184,167543.0,0.58113,0.68803,14716.0,26.0
7020,Radio and telecommunications equipment installers and repairers,0.5908,0.39735,0.09751,180494.0,0.59223,0.62634,8678.0,17.0
7030,Avionics technicians,0.495,0.4462,0.36136,29701.0,0.76228,0.45941,11901.0,7.0
7040,"Electric motor, power tool, and related repairers",0.6212,0.4643,0.51477,27324.0,0.57296,0.80479,4652.0,12.0
7120,Audiovisual equipment installers and repairers ,0.5073,0.3865,0.06885,51514.0,0.38045,0.5002,2456.0,6.0
7130,Security and fire alarm systems installers,0.543,0.3427,0.01087,66690.0,0.44169,0.55981,1316.0,10.0
7140,Aircraft mechanics and service technicians,0.6635,0.4031,0.10443,242612.0,0.73055,0.2867,77927.0,12.0
7150,Automotive body and related repairers,0.6142,0.4585,0.48431,138249.0,0.80535,1.2415,4108.0,5.0
7200,Automotive service technicians and mechanics,0.6537,0.4685,0.5335,1043466.0,0.80401,1.13378,41681.0,17.0
7210,Bus and truck mechanics and diesel engine specialists,0.6912,0.3912,0.07977,362817.0,0.43091,0.3484,27839.0,19.0
7220,Heavy vehicle and mobile equipment service technicians and mechanics,0.69223,0.3689,0.036,175774.0,0.50871,0.3411,15442.0,13.0
7240,Small engine mechanics,0.64217,0.3428,0.01117,55130.0,0.04208,0.05089,23031.0,9.0
7260,"Miscellaneous vehicle and mobile equipment mechanics, installers, and repairers",0.61087,0.36353,0.02425,127078.0,0.54431,0.63889,3287.0,5.0
7300,Control and valve installers and repairers,0.62415,0.3982,0.09771,35514.0,0.35323,0.56314,1712.0,6.0
7315,"Heating, air conditioning, and refrigeration mechanics and installers",0.6205,0.4719,0.56136,552716.0,0.38467,0.43173,15332.0,20.0
7320,Home appliance repairers,0.5953,0.3695,0.03659,52215.0,0.02812,0.0371,28345.0,7.0
7340,"Maintenance and repair workers, general",0.658,0.4291,0.23858,1020806.0,0.51862,0.5465,114476.0,34.0
7350,"Maintenance workers, machinery",0.5883,0.4674,0.52224,27614.0,0.56766,0.64179,7418.0,22.0
7360,Millwrights,0.7232,0.4336,0.26684,58027.0,0.64953,0.79355,12164.0,25.0
7420,Telecommunications line installers and repairers,0.6082,0.3766,0.03954,135681.0,0.44789,0.60696,2495.0,8.0
7430,Precision instrument and equipment repairers,0.4462,0.47482,0.56694,81708.0,0.25392,0.24225,23934.0,15.0
7540,Locksmiths and safe repairers,0.591,0.3793,0.05949,35133.0,0.45161,0.62653,1124.0,6.0
7560,Riggers,0.6173,0.4218,0.21288,15906.0,0.4312,0.1118,4134.0,5.0
7610,"Helpers--installation, maintenance, and repair workers",0.6148,0.3929,0.08392,33843.0,0.42745,0.37389,2427.0,13.0
7700,First-line supervisors of production and operating workers,0.4583,0.4681,0.52765,912063.0,0.56843,0.72407,378808.0,35.0
7720,"Electrical, electronics, and electromechanical assemblers",0.51723,0.59513,0.97969,150992.0,0.6157,0.93414,141562.0,24.0
7730,Engine and other machine assemblers,0.6377,0.487,0.59609,20451.0,0.60865,0.85764,18219.0,18.0
7740,Structural metal fabricators and fitters,0.5765,0.4763,0.5737,31837.0,0.4495,0.72875,13542.0,19.0
7810,"Butchers and other meat, poultry, and fish processing workers",0.57233,0.5982,0.98338,277547.0,0.31616,0.50291,1328.0,8.0
7905,Computer numerically controlled tool operators and programmers,0.5365,0.6109,0.98859,101290.0,0.42486,0.64394,71506.0,29.0
7925,"Forming machine setters, operators, and tenders, metal and plastic",0.6134,0.5604,0.90653,30050.0,0.53376,0.82022,17150.0,23.0
7950,"Cutting, punching, and press machine setters, operators, and tenders, metal and plastic",0.5668,0.6614,0.99963,79298.0,0.50157,0.79094,52717.0,27.0
8000,"Grinding, lapping, polishing, and buffing machine tool setters, operators, and tenders, metal and plastic",0.583,0.6046,0.98682,53253.0,0.43338,0.59261,31943.0,25.0
8030,Machinists,0.5935,0.6326,0.99813,409836.0,0.41359,0.59893,305418.0,33.0
8040,"Metal furnace operators, tenders, pourers, and casters",0.6013,0.552,0.89172,21819.0,0.46548,0.66176,10433.0,16.0
8100,"Molders and molding machine setters, operators, and tenders, metal and plastic",0.63825,0.5277,0.78419,46926.0,0.56364,0.85644,21626.0,26.0
8130,Tool and die makers,0.5153,0.4862,0.59354,65971.0,0.48573,0.84332,55033.0,27.0
8140,"Welding, soldering, and brazing workers",0.5372,0.53415,0.83578,723094.0,0.47214,0.65515,301609.0,33.0
8250,Prepress technicians and workers,0.2877,0.6069,0.98782,22788.0,0.53048,0.53102,2836.0,12.0
8255,Printing press operators,0.6048,0.6015,0.98448,170265.0,0.45016,0.54014,9981.0,20.0
8310,"Pressers, textile, garment, and related materials",0.5698,0.5988,0.98356,31717.0,0.53007,0.77327,2939.0,10.0
8320,Sewing machine operators,0.4843,0.6249,0.99589,162955.0,0.26729,0.46405,48504.0,19.0
8335,Shoe and leather workers,0.5331,0.57965,0.92672,13636.0,0.03823,0.06673,3808.0,5.0
8350,"Tailors, dressmakers, and sewers",0.46525,0.57745,0.92654,86014.0,0.03069,0.0523,26382.0,6.0
8365,"Textile machine setters, operators, and tenders",0.58355,0.61093,0.98873,24871.0,0.27308,0.54101,1934.0,7.0
8450,Upholsterers,0.6487,0.532,0.79894,34775.0,0.20552,0.32672,21597.0,11.0
8500,Cabinetmakers and bench carpenters,0.6713,0.5412,0.86916,64706.0,0.36638,0.66021,53471.0,6.0
8510,Furniture finishers,0.6002,0.536,0.83622,14142.0,0.20659,0.36569,11731.0,4.0
8530,"Sawing machine setters, operators, and tenders, wood",0.6225,0.5486,0.88588,29148.0,0.37271,0.64758,5929.0,9.0
8540,"Woodworking machine setters, operators, and tenders, except sawing",0.6075,0.5298,0.79246,18137.0,0.35955,0.63346,6043.0,7.0
8610,Stationary engineers and boiler operators,0.5307,0.4243,0.22577,113480.0,0.67623,0.57882,12789.0,22.0
8620,Water and wastewater treatment plant and system operators,0.4918,0.4338,0.26754,128374.0,0.66416,0.67404,3939.0,15.0
8630,Miscellaneous plant and system operators,0.51092,0.50035,0.64608,56817.0,0.88937,0.33145,5072.0,10.0
8640,"Chemical processing machine setters, operators, and tenders",0.55885,0.54575,0.88307,93958.0,0.93054,0.29852,25617.0,20.0
8650,"Crushing, grinding, polishing, mixing, and blending workers",0.62313,0.54963,0.89036,97712.0,0.65075,0.41959,28820.0,26.0
8710,Cutting workers,0.58665,0.61535,0.98924,78255.0,0.39369,0.5627,11941.0,23.0
8720,"Extruding, forming, pressing, and compacting machine setters, operators, and tenders",0.6077,0.5961,0.97986,31276.0,0.44715,0.54421,7245.0,18.0
8730,"Furnace, kiln, oven, drier, and kettle operators and tenders",0.577,0.5396,0.86779,15760.0,0.49051,0.4831,1553.0,8.0
8740,"Inspectors, testers, sorters, samplers, and weighers",0.476,0.5095,0.69057,1032033.0,0.60402,0.75526,314480.0,35.0
8750,Jewelers and precious stone and metal workers,0.36135,0.49475,0.61979,55980.0,0.29826,0.28519,22174.0,3.0
8760,Dental and ophthalmic laboratory technicians and medical appliance technicians,0.4845,0.6169,0.98983,107887.0,0.36505,0.4767,37733.0,8.0
8800,Packaging and filling machine operators and tenders,0.578,0.617,0.99162,327763.0,0.5508,0.62829,44141.0,29.0
8810,Painting workers,0.5155,0.5382,0.84076,174754.0,0.5263,0.63929,72171.0,32.0
8830,Photographic process workers and processing machine operators,0.4528,0.4965,0.63539,39411.0,0.64267,0.80632,2721.0,14.0
8850,Adhesive bonding machine operators and tenders,0.6938,0.5596,0.90425,11018.0,0.67919,0.69824,3049.0,10.0
8910,Etchers and engravers,0.5133,0.5448,0.87748,12001.0,0.3276,0.46282,4642.0,8.0
8920,"Molders, shapers, and casters, except metal and plastic",0.6073,0.52325,0.76116,30397.0,0.43874,0.54394,4469.0,11.0
8930,"Paper goods machine setters, operators, and tenders",0.5713,0.5638,0.907,18878.0,0.37473,0.40986,1553.0,4.0
8950,Helpers--production workers,0.6052,0.5762,0.92607,107444.0,0.47912,0.53068,13717.0,24.0
9030,Aircraft pilots and flight engineers,0.50675,0.44735,0.39758,255107.0,0.66685,0.30602,5814.0,12.0
9040,Air traffic controllers and airfield operations specialists,0.3303,0.4792,0.58196,51036.0,0.63745,0.08281,25487.0,4.0
9050,Flight attendants,0.5083,0.4085,0.11925,148227.0,0.64393,0.09193,1655.0,2.0
9121,"Bus drivers, school",0.4258,0.4128,0.15163,351857.0,0.63492,0.07435,1643.0,1.0
9122,"Bus drivers, transit and intercity",0.4612,0.4571,0.47679,322215.0,0.65842,0.21007,5550.0,3.0
9130,Driver/sales workers and truck drivers,0.57647,0.41917,0.20691,4666861.0,0.61349,0.25892,259860.0,31.0
9141,Shuttle drivers and chauffeurs,0.473,0.3845,0.06814,112789.0,0.65523,0.12315,9116.0,5.0
9142,Taxi drivers,0.45333,0.41813,0.17924,568633.0,0.51325,0.06109,2927.0,2.0
9240,Railroad conductors and yardmasters,0.4818,0.4223,0.21318,55259.0,0.63492,0.07435,1178.0,1.0
9300,Sailors and marine oilers,0.6213,0.3526,0.01754,50064.0,0.6183,0.07366,6260.0,4.0
9310,Ship and boat captains and operators,0.5689,0.3694,0.03631,56273.0,0.63003,0.1018,11280.0,7.0
9365,Transportation service attendants,0.5943,0.4022,0.10311,147683.0,0.59912,0.15045,7899.0,6.0
9410,Transportation inspectors,0.44817,0.38533,0.06847,47186.0,0.7299,0.51126,11750.0,9.0
9415,Passenger attendants,0.4085,0.397,0.09653,39995.0,0.63492,0.07435,3886.0,1.0
9510,Crane and tower operators,0.614,0.4594,0.48486,78981.0,0.54437,0.5548,8478.0,17.0
9600,Industrial truck and tractor operators,0.6395,0.4497,0.41093,831387.0,0.59335,0.75986,150692.0,33.0
9610,Cleaners of vehicles and equipment,0.5803,0.4468,0.39206,534964.0,0.57437,0.53481,31378.0,26.0
9620,"Laborers and freight, stock, and material movers, hand",0.6124,0.44035,0.32278,3408226.0,0.57397,0.621,374457.0,35.0
9630,Machine feeders and offbearers,0.5548,0.6075,0.98804,41806.0,0.57346,0.65343,3907.0,16.0
9640,"Packers and packagers, hand",0.5383,0.5705,0.9233,743755.0,0.48944,0.58484,52762.0,32.0
9645,Stockers and order fillers,0.571,0.534,0.83159,2396951.0,0.5705,0.60608,83267.0,33.0
9720,Refuse and recyclable material collectors,0.5748,0.4303,0.23985,141529.0,0.65491,0.78099,3224.0,8.0
