sigma_rent_case,sigma_rent,domestic_case,domestic_share,tau_normal_case,tau_normal,tau_rent_effective,tau_k_implied,sourced
barkai_sourced_0.351,0.351,closed_economy_1.00,1.0,post_TCJA_0.05,0.05,0.21,0.10616,True
barkai_sourced_0.351,0.351,closed_economy_1.00,1.0,2010s_0.10,0.1,0.21,0.13861,True
barkai_sourced_0.351,0.351,closed_economy_1.00,1.0,year_2000_0.20,0.2,0.21,0.20351,True
barkai_sourced_0.351,0.351,profit_shifting_0.52,0.52,post_TCJA_0.05,0.05,0.1092,0.07078,True
barkai_sourced_0.351,0.351,profit_shifting_0.52,0.52,2010s_0.10,0.1,0.1092,0.10323,True
barkai_sourced_0.351,0.351,profit_shifting_0.52,0.52,year_2000_0.20,0.2,0.1092,0.16813,True
barkai_sourced_0.351,0.351,profit_shifting_global_0.60,0.6,post_TCJA_0.05,0.05,0.126,0.07668,True
barkai_sourced_0.351,0.351,profit_shifting_global_0.60,0.6,2010s_0.10,0.1,0.126,0.10913,True
barkai_sourced_0.351,0.351,profit_shifting_global_0.60,0.6,year_2000_0.20,0.2,0.126,0.17403,True
barkai_sourced_0.351,0.351,imported_capital_0.00,0.0,post_TCJA_0.05,0.05,0.0,0.03245,True
barkai_sourced_0.351,0.351,imported_capital_0.00,0.0,2010s_0.10,0.1,0.0,0.0649,True
barkai_sourced_0.351,0.351,imported_capital_0.00,0.0,year_2000_0.20,0.2,0.0,0.1298,True
scenario_0.50,0.5,closed_economy_1.00,1.0,post_TCJA_0.05,0.05,0.21,0.13,False
scenario_0.50,0.5,closed_economy_1.00,1.0,2010s_0.10,0.1,0.21,0.155,False
scenario_0.50,0.5,closed_economy_1.00,1.0,year_2000_0.20,0.2,0.21,0.205,False
scenario_0.50,0.5,profit_shifting_0.52,0.52,post_TCJA_0.05,0.05,0.1092,0.0796,False
scenario_0.50,0.5,profit_shifting_0.52,0.52,2010s_0.10,0.1,0.1092,0.1046,False
scenario_0.50,0.5,profit_shifting_0.52,0.52,year_2000_0.20,0.2,0.1092,0.1546,False
scenario_0.50,0.5,profit_shifting_global_0.60,0.6,post_TCJA_0.05,0.05,0.126,0.088,False
scenario_0.50,0.5,profit_shifting_global_0.60,0.6,2010s_0.10,0.1,0.126,0.113,False
scenario_0.50,0.5,profit_shifting_global_0.60,0.6,year_2000_0.20,0.2,0.126,0.163,False
scenario_0.50,0.5,imported_capital_0.00,0.0,post_TCJA_0.05,0.05,0.0,0.025,False
scenario_0.50,0.5,imported_capital_0.00,0.0,2010s_0.10,0.1,0.0,0.05,False
scenario_0.50,0.5,imported_capital_0.00,0.0,year_2000_0.20,0.2,0.0,0.1,False
scenario_0.75,0.75,closed_economy_1.00,1.0,post_TCJA_0.05,0.05,0.21,0.17,False
scenario_0.75,0.75,closed_economy_1.00,1.0,2010s_0.10,0.1,0.21,0.1825,False
scenario_0.75,0.75,closed_economy_1.00,1.0,year_2000_0.20,0.2,0.21,0.2075,False
scenario_0.75,0.75,profit_shifting_0.52,0.52,post_TCJA_0.05,0.05,0.1092,0.0944,False
scenario_0.75,0.75,profit_shifting_0.52,0.52,2010s_0.10,0.1,0.1092,0.1069,False
scenario_0.75,0.75,profit_shifting_0.52,0.52,year_2000_0.20,0.2,0.1092,0.1319,False
scenario_0.75,0.75,profit_shifting_global_0.60,0.6,post_TCJA_0.05,0.05,0.126,0.107,False
scenario_0.75,0.75,profit_shifting_global_0.60,0.6,2010s_0.10,0.1,0.126,0.1195,False
scenario_0.75,0.75,profit_shifting_global_0.60,0.6,year_2000_0.20,0.2,0.126,0.1445,False
scenario_0.75,0.75,imported_capital_0.00,0.0,post_TCJA_0.05,0.05,0.0,0.0125,False
scenario_0.75,0.75,imported_capital_0.00,0.0,2010s_0.10,0.1,0.0,0.025,False
scenario_0.75,0.75,imported_capital_0.00,0.0,year_2000_0.20,0.2,0.0,0.05,False
