sigma_case,sigma_rent,domestic_case,domestic_share,tau_normal_case,tau_normal,tau_k,sourced
KN_caseR_0.00,0.0,imported_capital_0.00,0.0,post_TCJA_0.05,0.05,0.05,True
KN_caseR_0.00,0.0,imported_capital_0.00,0.0,2010s_0.10,0.1,0.1,True
KN_caseR_0.00,0.0,imported_capital_0.00,0.0,year_2000_0.20,0.2,0.2,True
KN_caseR_0.00,0.0,TWZ_US_affiliates_0.52,0.52,post_TCJA_0.05,0.05,0.05,True
KN_caseR_0.00,0.0,TWZ_US_affiliates_0.52,0.52,2010s_0.10,0.1,0.1,True
KN_caseR_0.00,0.0,TWZ_US_affiliates_0.52,0.52,year_2000_0.20,0.2,0.2,True
KN_caseR_0.00,0.0,clausing_low,0.71221,post_TCJA_0.05,0.05,0.05,True
KN_caseR_0.00,0.0,clausing_low,0.71221,2010s_0.10,0.1,0.1,True
KN_caseR_0.00,0.0,clausing_low,0.71221,year_2000_0.20,0.2,0.2,True
KN_caseR_0.00,0.0,clausing_high,0.78106,post_TCJA_0.05,0.05,0.05,True
KN_caseR_0.00,0.0,clausing_high,0.78106,2010s_0.10,0.1,0.1,True
KN_caseR_0.00,0.0,clausing_high,0.78106,year_2000_0.20,0.2,0.2,True
KN_caseR_0.00,0.0,closed_economy_1.00,1.0,post_TCJA_0.05,0.05,0.05,True
KN_caseR_0.00,0.0,closed_economy_1.00,1.0,2010s_0.10,0.1,0.1,True
KN_caseR_0.00,0.0,closed_economy_1.00,1.0,year_2000_0.20,0.2,0.2,True
barkai_0.351,0.351,imported_capital_0.00,0.0,post_TCJA_0.05,0.05,0.03245,True
barkai_0.351,0.351,imported_capital_0.00,0.0,2010s_0.10,0.1,0.0649,True
barkai_0.351,0.351,imported_capital_0.00,0.0,year_2000_0.20,0.2,0.1298,True
barkai_0.351,0.351,TWZ_US_affiliates_0.52,0.52,post_TCJA_0.05,0.05,0.07078,True
barkai_0.351,0.351,TWZ_US_affiliates_0.52,0.52,2010s_0.10,0.1,0.10323,True
barkai_0.351,0.351,TWZ_US_affiliates_0.52,0.52,year_2000_0.20,0.2,0.16813,True
barkai_0.351,0.351,clausing_low,0.71221,post_TCJA_0.05,0.05,0.08495,True
barkai_0.351,0.351,clausing_low,0.71221,2010s_0.10,0.1,0.1174,True
barkai_0.351,0.351,clausing_low,0.71221,year_2000_0.20,0.2,0.1823,True
barkai_0.351,0.351,clausing_high,0.78106,post_TCJA_0.05,0.05,0.09002,True
barkai_0.351,0.351,clausing_high,0.78106,2010s_0.10,0.1,0.12247,True
barkai_0.351,0.351,clausing_high,0.78106,year_2000_0.20,0.2,0.18737,True
barkai_0.351,0.351,closed_economy_1.00,1.0,post_TCJA_0.05,0.05,0.10616,True
barkai_0.351,0.351,closed_economy_1.00,1.0,2010s_0.10,0.1,0.13861,True
barkai_0.351,0.351,closed_economy_1.00,1.0,year_2000_0.20,0.2,0.20351,True
scenario_AI_0.75,0.75,imported_capital_0.00,0.0,post_TCJA_0.05,0.05,0.0125,False
scenario_AI_0.75,0.75,imported_capital_0.00,0.0,2010s_0.10,0.1,0.025,False
scenario_AI_0.75,0.75,imported_capital_0.00,0.0,year_2000_0.20,0.2,0.05,False
scenario_AI_0.75,0.75,TWZ_US_affiliates_0.52,0.52,post_TCJA_0.05,0.05,0.0944,False
scenario_AI_0.75,0.75,TWZ_US_affiliates_0.52,0.52,2010s_0.10,0.1,0.1069,False
scenario_AI_0.75,0.75,TWZ_US_affiliates_0.52,0.52,year_2000_0.20,0.2,0.1319,False
scenario_AI_0.75,0.75,clausing_low,0.71221,post_TCJA_0.05,0.05,0.12467,False
scenario_AI_0.75,0.75,clausing_low,0.71221,2010s_0.10,0.1,0.13717,False
scenario_AI_0.75,0.75,clausing_low,0.71221,year_2000_0.20,0.2,0.16217,False
scenario_AI_0.75,0.75,clausing_high,0.78106,post_TCJA_0.05,0.05,0.13552,False
scenario_AI_0.75,0.75,clausing_high,0.78106,2010s_0.10,0.1,0.14802,False
scenario_AI_0.75,0.75,clausing_high,0.78106,year_2000_0.20,0.2,0.17302,False
scenario_AI_0.75,0.75,closed_economy_1.00,1.0,post_TCJA_0.05,0.05,0.17,False
scenario_AI_0.75,0.75,closed_economy_1.00,1.0,2010s_0.10,0.1,0.1825,False
scenario_AI_0.75,0.75,closed_economy_1.00,1.0,year_2000_0.20,0.2,0.2075,False
