tau_l_reading,tau_l,R,required_tau_k,tau_k,condition_passes,margin
AMR_0.255,0.255,0.568316,0.110079,0.0,False,-0.110079
AMR_0.255,0.255,0.568316,0.110079,0.005,False,-0.10507899999999999
AMR_0.255,0.255,0.568316,0.110079,0.01,False,-0.100079
AMR_0.255,0.255,0.568316,0.110079,0.015,False,-0.095079
AMR_0.255,0.255,0.568316,0.110079,0.02,False,-0.09007899999999999
AMR_0.255,0.255,0.568316,0.110079,0.025,False,-0.08507899999999999
AMR_0.255,0.255,0.568316,0.110079,0.03,False,-0.080079
AMR_0.255,0.255,0.568316,0.110079,0.035,False,-0.07507899999999999
AMR_0.255,0.255,0.568316,0.110079,0.04,False,-0.070079
AMR_0.255,0.255,0.568316,0.110079,0.045,False,-0.065079
AMR_0.255,0.255,0.568316,0.110079,0.05,False,-0.060078999999999994
AMR_0.255,0.255,0.568316,0.110079,0.055,False,-0.055078999999999996
AMR_0.255,0.255,0.568316,0.110079,0.06,False,-0.050079
AMR_0.255,0.255,0.568316,0.110079,0.065,False,-0.045078999999999994
AMR_0.255,0.255,0.568316,0.110079,0.07,False,-0.04007899999999999
AMR_0.255,0.255,0.568316,0.110079,0.075,False,-0.035079
AMR_0.255,0.255,0.568316,0.110079,0.08,False,-0.030078999999999995
AMR_0.255,0.255,0.568316,0.110079,0.085,False,-0.02507899999999999
AMR_0.255,0.255,0.568316,0.110079,0.09,False,-0.020079
AMR_0.255,0.255,0.568316,0.110079,0.095,False,-0.015078999999999995
AMR_0.255,0.255,0.568316,0.110079,0.1,False,-0.01007899999999999
AMR_0.255,0.255,0.568316,0.110079,0.105,False,-0.005079
AMR_0.255,0.255,0.568316,0.110079,0.11,False,-7.899999999999574e-05
AMR_0.255,0.255,0.568316,0.110079,0.115,True,0.004921000000000009
AMR_0.255,0.255,0.568316,0.110079,0.12,True,0.009921
AMR_0.255,0.255,0.568316,0.110079,0.125,True,0.014921000000000004
AMR_0.255,0.255,0.568316,0.110079,0.13,True,0.019921000000000008
AMR_0.255,0.255,0.568316,0.110079,0.135,True,0.024921000000000013
AMR_0.255,0.255,0.568316,0.110079,0.14,True,0.029921000000000017
AMR_0.255,0.255,0.568316,0.110079,0.145,True,0.034920999999999994
AMR_0.255,0.255,0.568316,0.110079,0.15,True,0.039921
AMR_0.255,0.255,0.568316,0.110079,0.155,True,0.044921
AMR_0.255,0.255,0.568316,0.110079,0.16,True,0.04992100000000001
AMR_0.255,0.255,0.568316,0.110079,0.165,True,0.05492100000000001
AMR_0.255,0.255,0.568316,0.110079,0.17,True,0.059921000000000016
AMR_0.255,0.255,0.568316,0.110079,0.175,True,0.06492099999999999
AMR_0.255,0.255,0.568316,0.110079,0.18,True,0.069921
AMR_0.255,0.255,0.568316,0.110079,0.185,True,0.074921
AMR_0.255,0.255,0.568316,0.110079,0.19,True,0.079921
AMR_0.255,0.255,0.568316,0.110079,0.195,True,0.08492100000000001
AMR_0.255,0.255,0.568316,0.110079,0.2,True,0.08992100000000001
AMR_0.255,0.255,0.568316,0.110079,0.205,True,0.09492099999999999
AMR_0.255,0.255,0.568316,0.110079,0.21,True,0.099921
AMR_0.255,0.255,0.568316,0.110079,0.215,True,0.104921
AMR_0.255,0.255,0.568316,0.110079,0.22,True,0.109921
AMR_0.255,0.255,0.568316,0.110079,0.225,True,0.11492100000000001
AMR_0.255,0.255,0.568316,0.110079,0.23,True,0.11992100000000001
AMR_0.255,0.255,0.568316,0.110079,0.235,True,0.12492099999999999
AMR_0.255,0.255,0.568316,0.110079,0.24,True,0.129921
AMR_0.255,0.255,0.568316,0.110079,0.245,True,0.134921
AMR_0.255,0.255,0.568316,0.110079,0.25,True,0.13992100000000002
AMR_0.255,0.255,0.568316,0.110079,0.255,True,0.14492100000000002
AMR_0.255,0.255,0.568316,0.110079,0.26,True,0.14992100000000003
bottom_up_0.301,0.301,0.568316,0.129937,0.0,False,-0.129937
bottom_up_0.301,0.301,0.568316,0.129937,0.005,False,-0.12493699999999999
bottom_up_0.301,0.301,0.568316,0.129937,0.01,False,-0.119937
bottom_up_0.301,0.301,0.568316,0.129937,0.015,False,-0.114937
bottom_up_0.301,0.301,0.568316,0.129937,0.02,False,-0.10993699999999999
bottom_up_0.301,0.301,0.568316,0.129937,0.025,False,-0.104937
bottom_up_0.301,0.301,0.568316,0.129937,0.03,False,-0.099937
bottom_up_0.301,0.301,0.568316,0.129937,0.035,False,-0.094937
bottom_up_0.301,0.301,0.568316,0.129937,0.04,False,-0.08993699999999999
bottom_up_0.301,0.301,0.568316,0.129937,0.045,False,-0.084937
bottom_up_0.301,0.301,0.568316,0.129937,0.05,False,-0.079937
bottom_up_0.301,0.301,0.568316,0.129937,0.055,False,-0.074937
bottom_up_0.301,0.301,0.568316,0.129937,0.06,False,-0.069937
bottom_up_0.301,0.301,0.568316,0.129937,0.065,False,-0.064937
bottom_up_0.301,0.301,0.568316,0.129937,0.07,False,-0.05993699999999999
bottom_up_0.301,0.301,0.568316,0.129937,0.075,False,-0.054937
bottom_up_0.301,0.301,0.568316,0.129937,0.08,False,-0.049936999999999995
bottom_up_0.301,0.301,0.568316,0.129937,0.085,False,-0.04493699999999999
bottom_up_0.301,0.301,0.568316,0.129937,0.09,False,-0.039937
bottom_up_0.301,0.301,0.568316,0.129937,0.095,False,-0.034936999999999996
bottom_up_0.301,0.301,0.568316,0.129937,0.1,False,-0.02993699999999999
bottom_up_0.301,0.301,0.568316,0.129937,0.105,False,-0.024937
bottom_up_0.301,0.301,0.568316,0.129937,0.11,False,-0.019936999999999996
bottom_up_0.301,0.301,0.568316,0.129937,0.115,False,-0.014936999999999992
bottom_up_0.301,0.301,0.568316,0.129937,0.12,False,-0.009937000000000001
bottom_up_0.301,0.301,0.568316,0.129937,0.125,False,-0.004936999999999997
bottom_up_0.301,0.301,0.568316,0.129937,0.13,True,6.30000000000075e-05
bottom_up_0.301,0.301,0.568316,0.129937,0.135,True,0.005063000000000012
bottom_up_0.301,0.301,0.568316,0.129937,0.14,True,0.010063000000000016
bottom_up_0.301,0.301,0.568316,0.129937,0.145,True,0.015062999999999993
bottom_up_0.301,0.301,0.568316,0.129937,0.15,True,0.020062999999999998
bottom_up_0.301,0.301,0.568316,0.129937,0.155,True,0.025063000000000002
bottom_up_0.301,0.301,0.568316,0.129937,0.16,True,0.030063000000000006
bottom_up_0.301,0.301,0.568316,0.129937,0.165,True,0.03506300000000001
bottom_up_0.301,0.301,0.568316,0.129937,0.17,True,0.040063000000000015
bottom_up_0.301,0.301,0.568316,0.129937,0.175,True,0.04506299999999999
bottom_up_0.301,0.301,0.568316,0.129937,0.18,True,0.050062999999999996
bottom_up_0.301,0.301,0.568316,0.129937,0.185,True,0.055063
bottom_up_0.301,0.301,0.568316,0.129937,0.19,True,0.060063000000000005
bottom_up_0.301,0.301,0.568316,0.129937,0.195,True,0.06506300000000001
bottom_up_0.301,0.301,0.568316,0.129937,0.2,True,0.07006300000000001
bottom_up_0.301,0.301,0.568316,0.129937,0.205,True,0.07506299999999999
bottom_up_0.301,0.301,0.568316,0.129937,0.21,True,0.080063
bottom_up_0.301,0.301,0.568316,0.129937,0.215,True,0.085063
bottom_up_0.301,0.301,0.568316,0.129937,0.22,True,0.090063
bottom_up_0.301,0.301,0.568316,0.129937,0.225,True,0.09506300000000001
bottom_up_0.301,0.301,0.568316,0.129937,0.23,True,0.10006300000000001
bottom_up_0.301,0.301,0.568316,0.129937,0.235,True,0.10506299999999999
bottom_up_0.301,0.301,0.568316,0.129937,0.24,True,0.110063
bottom_up_0.301,0.301,0.568316,0.129937,0.245,True,0.115063
bottom_up_0.301,0.301,0.568316,0.129937,0.25,True,0.120063
bottom_up_0.301,0.301,0.568316,0.129937,0.255,True,0.125063
bottom_up_0.301,0.301,0.568316,0.129937,0.26,True,0.130063
bottom_up_0.318,0.318,0.568316,0.137276,0.0,False,-0.137276
bottom_up_0.318,0.318,0.568316,0.137276,0.005,False,-0.132276
bottom_up_0.318,0.318,0.568316,0.137276,0.01,False,-0.127276
bottom_up_0.318,0.318,0.568316,0.137276,0.015,False,-0.12227600000000001
bottom_up_0.318,0.318,0.568316,0.137276,0.02,False,-0.117276
bottom_up_0.318,0.318,0.568316,0.137276,0.025,False,-0.11227600000000001
bottom_up_0.318,0.318,0.568316,0.137276,0.03,False,-0.10727600000000001
bottom_up_0.318,0.318,0.568316,0.137276,0.035,False,-0.102276
bottom_up_0.318,0.318,0.568316,0.137276,0.04,False,-0.097276
bottom_up_0.318,0.318,0.568316,0.137276,0.045,False,-0.09227600000000001
bottom_up_0.318,0.318,0.568316,0.137276,0.05,False,-0.087276
bottom_up_0.318,0.318,0.568316,0.137276,0.055,False,-0.08227600000000002
bottom_up_0.318,0.318,0.568316,0.137276,0.06,False,-0.07727600000000001
bottom_up_0.318,0.318,0.568316,0.137276,0.065,False,-0.072276
bottom_up_0.318,0.318,0.568316,0.137276,0.07,False,-0.067276
bottom_up_0.318,0.318,0.568316,0.137276,0.075,False,-0.06227600000000001
bottom_up_0.318,0.318,0.568316,0.137276,0.08,False,-0.05727600000000001
bottom_up_0.318,0.318,0.568316,0.137276,0.085,False,-0.052276
bottom_up_0.318,0.318,0.568316,0.137276,0.09,False,-0.04727600000000001
bottom_up_0.318,0.318,0.568316,0.137276,0.095,False,-0.04227600000000001
bottom_up_0.318,0.318,0.568316,0.137276,0.1,False,-0.037276000000000004
bottom_up_0.318,0.318,0.568316,0.137276,0.105,False,-0.03227600000000001
bottom_up_0.318,0.318,0.568316,0.137276,0.11,False,-0.02727600000000001
bottom_up_0.318,0.318,0.568316,0.137276,0.115,False,-0.022276000000000004
bottom_up_0.318,0.318,0.568316,0.137276,0.12,False,-0.017276000000000014
bottom_up_0.318,0.318,0.568316,0.137276,0.125,False,-0.012276000000000009
bottom_up_0.318,0.318,0.568316,0.137276,0.13,False,-0.007276000000000005
bottom_up_0.318,0.318,0.568316,0.137276,0.135,False,-0.0022760000000000002
bottom_up_0.318,0.318,0.568316,0.137276,0.14,True,0.002724000000000004
bottom_up_0.318,0.318,0.568316,0.137276,0.145,True,0.007723999999999981
bottom_up_0.318,0.318,0.568316,0.137276,0.15,True,0.012723999999999985
bottom_up_0.318,0.318,0.568316,0.137276,0.155,True,0.01772399999999999
bottom_up_0.318,0.318,0.568316,0.137276,0.16,True,0.022723999999999994
bottom_up_0.318,0.318,0.568316,0.137276,0.165,True,0.027724
bottom_up_0.318,0.318,0.568316,0.137276,0.17,True,0.032724
bottom_up_0.318,0.318,0.568316,0.137276,0.175,True,0.03772399999999998
bottom_up_0.318,0.318,0.568316,0.137276,0.18,True,0.042723999999999984
bottom_up_0.318,0.318,0.568316,0.137276,0.185,True,0.04772399999999999
bottom_up_0.318,0.318,0.568316,0.137276,0.19,True,0.05272399999999999
bottom_up_0.318,0.318,0.568316,0.137276,0.195,True,0.057724
bottom_up_0.318,0.318,0.568316,0.137276,0.2,True,0.062724
bottom_up_0.318,0.318,0.568316,0.137276,0.205,True,0.06772399999999998
bottom_up_0.318,0.318,0.568316,0.137276,0.21,True,0.07272399999999998
bottom_up_0.318,0.318,0.568316,0.137276,0.215,True,0.07772399999999999
bottom_up_0.318,0.318,0.568316,0.137276,0.22,True,0.08272399999999999
bottom_up_0.318,0.318,0.568316,0.137276,0.225,True,0.087724
bottom_up_0.318,0.318,0.568316,0.137276,0.23,True,0.092724
bottom_up_0.318,0.318,0.568316,0.137276,0.235,True,0.09772399999999998
bottom_up_0.318,0.318,0.568316,0.137276,0.24,True,0.10272399999999998
bottom_up_0.318,0.318,0.568316,0.137276,0.245,True,0.10772399999999999
bottom_up_0.318,0.318,0.568316,0.137276,0.25,True,0.11272399999999999
bottom_up_0.318,0.318,0.568316,0.137276,0.255,True,0.117724
bottom_up_0.318,0.318,0.568316,0.137276,0.26,True,0.122724
