exposure_type,dose,leakage_case,retained_wage_share_R,break_even_tau_k,no_response_total_bn,with_response_total_bn,removed_bn,share_removed
embodied,0.05,no_leakage,0.5662,0.1306,207.6541,34.859,172.7951,0.8321
embodied,0.05,haven_leakage_20pct,0.5662,0.1306,207.6541,44.7567,162.8975,0.7845
embodied,0.1,no_leakage,0.5246,0.1431,462.4542,76.479,385.9752,0.8346
embodied,0.1,haven_leakage_20pct,0.5246,0.1431,462.4542,100.4354,362.0189,0.7828
embodied,0.25,no_leakage,0.2745,0.2184,1842.5009,288.5235,1553.9775,0.8434
embodied,0.25,haven_leakage_20pct,0.2745,0.2184,1842.5009,409.3994,1433.1016,0.7778
embodied,0.5,no_leakage,0.0,0.301,3540.8716,530.3573,3010.5143,0.8502
embodied,0.5,haven_leakage_20pct,0.0,0.301,3540.8716,781.7712,2759.1004,0.7792
embodied,0.75,no_leakage,0.0,0.301,3624.3086,530.3573,3093.9512,0.8537
embodied,0.75,haven_leakage_20pct,0.0,0.301,3624.3086,781.7712,2842.5373,0.7843
cognitive_AIOE,0.05,no_leakage,0.586,0.1246,227.2542,32.3191,194.9351,0.8578
cognitive_AIOE,0.05,haven_leakage_20pct,0.586,0.1246,227.2542,42.4026,184.8516,0.8134
cognitive_AIOE,0.1,no_leakage,0.5711,0.1291,472.6521,66.965,405.6871,0.8583
cognitive_AIOE,0.1,haven_leakage_20pct,0.5711,0.1291,472.6521,88.807,383.8451,0.8121
cognitive_AIOE,0.25,no_leakage,0.5042,0.1492,1306.3066,180.7134,1125.5932,0.8617
cognitive_AIOE,0.25,haven_leakage_20pct,0.5042,0.1492,1306.3066,249.2833,1057.0233,0.8092
cognitive_AIOE,0.5,no_leakage,0.3379,0.1993,3184.5602,425.0548,2759.5054,0.8665
cognitive_AIOE,0.5,haven_leakage_20pct,0.3379,0.1993,3184.5602,622.9116,2561.6486,0.8044
cognitive_AIOE,0.75,no_leakage,0.3379,0.1993,3320.603,425.0548,2895.5482,0.872
cognitive_AIOE,0.75,haven_leakage_20pct,0.3379,0.1993,3320.603,622.9116,2697.6914,0.8124
cognitive_GPT,0.05,no_leakage,0.5838,0.1253,219.0735,33.052,186.0216,0.8491
cognitive_GPT,0.05,haven_leakage_20pct,0.5838,0.1253,219.0735,42.5363,176.5373,0.8058
cognitive_GPT,0.1,no_leakage,0.5565,0.1335,570.0986,88.1173,481.9814,0.8454
cognitive_GPT,0.1,haven_leakage_20pct,0.5565,0.1335,570.0986,115.3987,454.7,0.7976
cognitive_GPT,0.25,no_leakage,0.4967,0.1515,1347.2783,199.996,1147.2823,0.8516
cognitive_GPT,0.25,haven_leakage_20pct,0.4967,0.1515,1347.2783,270.2235,1077.0548,0.7994
cognitive_GPT,0.5,no_leakage,0.2603,0.2226,4075.9393,587.8698,3488.0694,0.8558
cognitive_GPT,0.5,haven_leakage_20pct,0.2603,0.2226,4075.9393,852.1637,3223.7756,0.7909
cognitive_GPT,0.75,no_leakage,0.2603,0.2226,4217.6741,587.8698,3629.8043,0.8606
cognitive_GPT,0.75,haven_leakage_20pct,0.2603,0.2226,4217.6741,852.1637,3365.5105,0.798
