T_case,T,exit_mode,s_other,d_annual,steady_state_u,u_at_10y,rho_at_10y,u_at_20y,rho_at_20y,outside_data_ss
T_1.0y,1.0,short_run,0.038121,0.005,0.04134,0.041668,0.682201,0.041668,0.682201,False
T_1.0y,1.0,short_run,0.038121,0.0075,0.043972,0.044354,0.674026,0.044354,0.674026,False
T_1.0y,1.0,short_run,0.038121,0.01,0.046657,0.0471,0.665668,0.0471,0.665668,False
T_1.0y,1.0,short_run,0.038121,0.015,0.052217,0.052809,0.648296,0.052809,0.648296,False
T_1.0y,1.0,short_run,0.038121,0.02,0.058094,0.058882,0.629815,0.058882,0.629815,False
T_1.0y,1.0,short_run,0.038121,0.025,0.064397,0.065453,0.609817,0.065453,0.609816,False
T_1.0y,1.0,short_run,0.038121,0.03,0.071301,0.072745,0.587633,0.072746,0.587623,False
T_1.0y,1.0,short_run,0.038121,0.04,0.088546,0.091671,0.530345,0.09185,0.529489,False
T_1.0y,1.0,short_run,0.038121,0.05,0.109131,0.112612,0.466439,0.112653,0.466176,True
T_1.0y,1.0,long_run,0.044505,0.005,0.041823,0.04217,0.680671,0.04217,0.680671,False
T_1.0y,1.0,long_run,0.044505,0.0075,0.043773,0.04416,0.674618,0.04416,0.674618,False
T_1.0y,1.0,long_run,0.044505,0.01,0.04571,0.046139,0.668595,0.046139,0.668595,False
T_1.0y,1.0,long_run,0.044505,0.015,0.049549,0.050067,0.656641,0.050067,0.656641,False
T_1.0y,1.0,long_run,0.044505,0.02,0.05334,0.053957,0.644801,0.053957,0.644801,False
T_1.0y,1.0,long_run,0.044505,0.025,0.057087,0.057813,0.633066,0.057813,0.633066,False
T_1.0y,1.0,long_run,0.044505,0.03,0.060791,0.061637,0.621428,0.061637,0.621429,False
T_1.0y,1.0,long_run,0.044505,0.04,0.068083,0.069199,0.598416,0.069199,0.598416,False
T_1.0y,1.0,long_run,0.044505,0.05,0.07523,0.076662,0.575704,0.076662,0.575705,False
T_1.5y_central,1.5,short_run,0.029397,0.005,0.040707,0.040996,0.684244,0.040996,0.684244,False
T_1.5y_central,1.5,short_run,0.029397,0.0075,0.044233,0.044593,0.6733,0.044593,0.6733,False
T_1.5y_central,1.5,short_run,0.029397,0.01,0.047903,0.048348,0.661872,0.048348,0.66187,False
T_1.5y_central,1.5,short_run,0.029397,0.015,0.05579,0.056469,0.637169,0.056473,0.637145,False
T_1.5y_central,1.5,short_run,0.029397,0.02,0.064705,0.065753,0.608981,0.065782,0.608817,False
T_1.5y_central,1.5,short_run,0.029397,0.025,0.075364,0.076977,0.575132,0.077204,0.574062,False
T_1.5y_central,1.5,short_run,0.029397,0.03,0.090004,0.091941,0.531034,0.094062,0.52296,False
T_1.5y_central,1.5,short_run,0.029397,0.04,0.119683,0.123263,0.436317,0.125151,0.428225,True
T_1.5y_central,1.5,short_run,0.029397,0.05,0.150003,0.156569,0.339617,0.168239,0.299027,True
T_1.5y_central,1.5,long_run,0.035857,0.005,0.041467,0.041763,0.681911,0.041763,0.681911,False
T_1.5y_central,1.5,long_run,0.035857,0.0075,0.043913,0.044254,0.67433,0.044254,0.67433,False
T_1.5y_central,1.5,long_run,0.035857,0.01,0.046351,0.04674,0.666766,0.04674,0.666766,False
T_1.5y_central,1.5,long_run,0.035857,0.015,0.051197,0.051695,0.651687,0.051695,0.651687,False
T_1.5y_central,1.5,long_run,0.035857,0.02,0.056008,0.05663,0.636666,0.05663,0.636666,False
T_1.5y_central,1.5,long_run,0.035857,0.025,0.060784,0.06155,0.621695,0.06155,0.621695,False
T_1.5y_central,1.5,long_run,0.035857,0.03,0.065527,0.066456,0.606764,0.066456,0.606764,False
T_1.5y_central,1.5,long_run,0.035857,0.04,0.074923,0.076242,0.576984,0.076242,0.576984,False
T_1.5y_central,1.5,long_run,0.035857,0.05,0.08421,0.086016,0.54724,0.086016,0.54724,False
T_2.0y,2.0,short_run,0.023345,0.005,0.040058,0.040325,0.686284,0.040324,0.686291,False
T_2.0y,2.0,short_run,0.023345,0.0075,0.044506,0.044859,0.672493,0.04486,0.672486,False
T_2.0y,2.0,short_run,0.023345,0.01,0.049239,0.049699,0.657786,0.049708,0.657732,False
T_2.0y,2.0,short_run,0.023345,0.015,0.059878,0.060627,0.624692,0.060725,0.624207,False
T_2.0y,2.0,short_run,0.023345,0.02,0.073209,0.074171,0.584181,0.074905,0.581089,False
T_2.0y,2.0,short_run,0.023345,0.025,0.095107,0.092645,0.530716,0.099061,0.508714,False
T_2.0y,2.0,short_run,0.023345,0.03,0.115086,0.114497,0.465622,0.119551,0.44556,True
T_2.0y,2.0,short_run,0.023345,0.04,0.158952,0.154144,0.350803,0.176988,0.275763,True
T_2.0y,2.0,short_run,0.023345,0.05,0.312806,0.211121,0.198445,0.366365,1e-06,True
T_2.0y,2.0,long_run,0.029491,0.005,0.041099,0.041368,0.683115,0.041368,0.683115,False
T_2.0y,2.0,long_run,0.029491,0.0075,0.044059,0.044378,0.673953,0.044378,0.673953,False
T_2.0y,2.0,long_run,0.029491,0.01,0.047015,0.04739,0.664786,0.04739,0.664786,False
T_2.0y,2.0,long_run,0.029491,0.015,0.052915,0.053422,0.64643,0.053422,0.64643,False
T_2.0y,2.0,long_run,0.029491,0.02,0.058799,0.059465,0.62804,0.059465,0.62804,False
T_2.0y,2.0,long_run,0.029491,0.025,0.064667,0.065523,0.609603,0.065523,0.609603,False
T_2.0y,2.0,long_run,0.029491,0.03,0.07052,0.0716,0.591109,0.0716,0.591109,False
T_2.0y,2.0,long_run,0.029491,0.04,0.082188,0.083833,0.553881,0.083833,0.553881,False
T_2.0y,2.0,long_run,0.029491,0.05,0.093816,0.096216,0.516197,0.096217,0.516196,False
