date,CMDEBT,HHMSDODNS,CCLBSHNO,FGCCSAQ027S,TDSP,HDTGPDUSQ163N,GFDEBTN,FGRECPT,W006RC1Q027SBEA,A074RC1Q027SBEA,W780RC1Q027SBEA,W782RC1Q027SBEA,W055RC1Q027SBEA,W071RC1Q027SBEA,W070RC1Q027SBEA,GDI,A053RC1Q027SBEA,WASCUR,COE,W270RE1A156NBEA,GDP,DPI,Y033RC1Q027SBEA,B985RC1Q027SBEA,PNFI,TCMILBSNNCB,CORCACBS,DRSFRMACBS
1945-10-01,29.442,18.706,6.8,0.0,,,,,,,,,,,,,,,,,,,,,,44.653,,
1946-10-01,36.067,23.1,9.777000000000001,0.0,,,,,,,,,,,,,,,,,,,,,,49.889,,
1947-01-01,,,,,,,,43.401,36.86,18.192,6.172,6.348,19.165,0.973,11.48,240.092,33.466,118.864,128.989,,243.164,170.548,14.927,,24.818,,,
1947-04-01,,,,,,,,42.459,36.316,18.488,5.784,5.964,19.475,0.987,11.779,243.209,31.668,121.26,130.787,,245.968,170.245,15.226,,25.171,,,
1947-07-01,,,,,,,,41.628,36.264,18.704,4.988,5.16,19.721,1.017,12.212,247.579,31.288,123.988,132.781,,249.585,178.047,15.044,,25.361,,,
1947-10-01,44.913000000000004,28.267,13.298,0.0,,,,43.769,38.744,19.788,4.612,4.784,20.799,1.011,12.701,256.122,34.123,128.267,136.877,,259.745,179.916,16.067,,26.54,56.781,,
1948-01-01,,,,,,,,44.047,38.952,20.06,4.644,4.848,21.198,1.138,13.217,265.07,35.747,131.665,140.405,49.3,265.742,185.295,17.334,,28.231,,,
1948-04-01,,,,,,,,42.495,37.684,17.808,4.348,4.552,18.949,1.141,13.578,273.654,37.589,133.378,142.07,,272.567,193.025,16.658,,28.05,,,
1948-07-01,,,,,,,,41.615,36.74,17.1,4.38,4.58,18.245,1.145,13.919,278.941,36.959,138.057,146.847,,279.196,199.178,17.13,,29.081,,,
1948-10-01,53.423,33.422000000000004,16.332,0.0,,,,41.349,36.528,17.292,4.288,4.484,18.428,1.136,14.122,281.223,35.712,139.101,147.929,,280.366,199.673,17.998,,30.16,62.811,,
1949-01-01,,,,,,,,39.928,34.424,16.472,4.976,5.176,17.803,1.331,14.584,274.18,32.519,136.742,146.267,49.7,275.034,194.22,16.826,,28.583,,,
1949-04-01,,,,,,,,37.917,32.52,15.648,4.88,5.072,16.998,1.35,14.82,270.661,28.692,135.005,144.68,,271.351,193.991,16.09,,27.476,,,
1949-07-01,,,,,,,,37.432,32.324,14.932,4.6,4.796,16.303,1.371,15.168,270.863,29.752,133.983,143.608,,272.889,194.108,15.176,,26.112,,,
1949-10-01,61.273,37.406,19.374,0.0,,,,36.163,31.336,14.452,4.328,4.516,15.828,1.376,15.412,267.232,29.205,133.202,142.78,,270.627,195.034,14.836,,25.628,64.395,,
1950-01-01,,,,,,,,41.366,35.864,15.156,5.096,5.312,16.622,1.466,15.752,277.506,33.477,136.87,147.004,49.3,280.828,209.698,15.13,,26.386,,,
1950-04-01,,,,,,,,45.536,40.024,16.12,5.092,5.312,17.599,1.479,16.145,289.932,39.923,143.042,153.616,,290.383,210.065,17.114,,28.855,,,
1950-07-01,,,,,,,,51.815,46.116,17.432,5.272,5.496,18.915,1.483,16.903,307.524,48.501,151.025,162.303,,308.153,217.145,19.343,,31.91,,,
1950-10-01,74.845,45.25,23.947,0.0,,,,56.496,50.492,21.02,5.576,5.808,22.512,1.492,17.064,319.297,53.221,158.074,170.15,,319.945,222.384,19.609,,32.919,70.43900000000001,,
1951-01-01,,,,,,,,64.509,57.628,22.78,6.388,6.624,24.425,1.645,17.939,332.534,52.393,165.333,178.566,49.9,336.0,229.715,19.383,,33.139,,,
1951-04-01,,,,,,,,61.636,54.644,24.708,6.472,6.708,26.372,1.664,17.801,340.649,44.593,170.993,184.901,,344.09,236.737,19.672,,34.124,,,
1951-07-01,,,,,,,,60.883,54.028,26.096,6.332,6.58,27.791,1.695,18.132,346.823,40.666,173.494,187.854,,351.385,239.757,20.198,,34.843,,,
1951-10-01,83.447,51.792,25.35,0.0,,,,64.633,57.644,27.916,6.448,6.696,29.632,1.716,18.6,353.871,43.868,176.605,191.495,,356.178,242.499,20.242,,34.642,78.867,,
1952-01-01,85.7,53.355000000000004,24.597,0.0,,,,64.733,57.484,29.06,6.696,6.964,30.876,1.816,19.007,356.053,41.59,181.006,196.097,50.9,359.82,243.408,20.418,,35.131,79.767,,
1952-04-01,89.022,54.952,26.878,0.0,,,,64.809,57.676,29.968,6.576,6.848,31.813,1.845,19.427,358.604,39.667,182.12,197.426,,361.03,246.447,20.821,,35.765,80.771,,
1952-07-01,91.883,56.621,27.965,0.0,,,,65.28,58.076,30.428,6.62,6.896,32.274,1.846,19.84,365.999,39.898,185.952,201.503,,367.701,253.057,17.671,,32.892,82.527,,
1952-10-01,95.595,58.416000000000004,30.522000000000002,0.0,,,,68.42,61.04,31.212,6.776,7.072,33.057,1.845,20.382,378.271,43.972,193.466,209.326,,380.812,258.904,19.867,,35.816,85.098,,
1953-01-01,99.754,60.296,30.901,0.0,,,,70.117,62.704,31.5,6.792,7.088,33.411,1.911,20.737,385.073,45.893,197.069,213.123,51.6,387.98,262.968,21.245,,37.791,86.505,,
1953-04-01,103.185,62.384,32.672000000000004,0.0,,,,70.463,62.96,31.516,6.86,7.16,33.439,1.923,21.033,388.515,46.034,200.027,216.209,,391.749,266.799,21.306,,38.465,87.354,,
1953-07-01,105.58200000000001,64.182,33.354,0.0,,,,69.534,62.0,31.236,6.884,7.196,33.187,1.951,21.382,387.598,45.077,200.146,216.523,,391.171,266.957,22.125,,39.614,88.33800000000001,,
1953-10-01,108.158,65.938,34.614,0.0,,,,64.313,56.928,30.972,6.756,7.072,32.931,1.959,21.404,380.524,35.591,198.715,215.129,,385.97,267.217,21.446,,39.2,89.253,,
1954-01-01,109.96900000000001,67.647,32.744,0.0,,,,61.631,53.236,28.14,7.776,8.092,30.196,2.056,21.737,382.558,38.019,196.401,213.112,50.9,385.345,269.931,20.57,,38.332,90.166,,
1954-04-01,112.672,69.787,34.006,0.0,,,,61.697,53.36,27.888,7.732,8.056,29.977,2.089,22.041,383.6,39.141,195.957,212.684,,386.121,269.82,20.424,,38.159,90.152,,
1954-07-01,115.97500000000001,72.31400000000001,34.242,0.0,,,,62.331,54.012,27.896,7.752,8.08,30.005,2.109,22.397,387.551,41.473,196.334,213.224,,390.996,271.778,21.131,,38.879,91.166,,
1954-10-01,120.453,75.356,35.963,0.0,,,,64.384,55.992,28.348,7.844,8.172,30.462,2.114,22.813,396.846,44.539,200.36,217.536,,399.734,276.713,21.123,,38.89,92.843,,
1955-01-01,125.73700000000001,78.549,35.702,0.0,,,,68.333,59.228,29.048,8.568,8.9,31.412,2.364,23.564,409.644,49.715,204.056,221.895,50.1,413.073,282.103,21.144,,39.48,93.71900000000001,,
1955-04-01,131.665,81.888,38.755,0.0,,,,70.302,61.024,30.068,8.732,9.068,32.429,2.361,24.013,419.737,50.444,209.851,228.083,,421.532,288.631,23.119,,42.063,95.386,,
1955-07-01,136.861,85.009,40.543,0.0,,,,71.967,62.492,30.956,8.884,9.22,33.364,2.408,24.701,428.228,51.731,215.246,233.91,,430.221,295.107,25.01,,44.826,96.874,,
1955-10-01,141.56300000000002,87.936,42.949,0.0,,,,73.688,64.132,31.808,8.936,9.28,34.231,2.423,25.306,435.768,53.871,219.451,238.391,,437.092,299.354,26.28,,47.085,101.21600000000001,,
1956-01-01,145.632,90.69500000000001,42.251,0.0,,,,74.193,63.936,32.704,9.528,9.884,35.367,2.663,26.146,440.533,52.285,223.282,242.828,50.7,439.746,303.616,25.442,,47.772,103.605,,
1956-04-01,149.514,93.542,44.281,0.0,,,,75.571,65.176,33.572,9.632,9.996,36.239,2.667,26.755,447.678,53.542,227.501,247.491,,446.01,308.551,25.92,,49.062,105.983,,
1956-07-01,152.606,96.143,44.978,0.0,,,,75.386,64.956,34.212,9.648,10.024,36.901,2.689,27.27,453.772,50.939,229.953,250.42,,451.191,313.182,26.822,,50.746,107.758,,
1956-10-01,156.4,98.745,46.58,0.0,,,,78.22,67.636,35.164,9.78,10.164,37.857,2.693,27.801,463.554,53.735,235.367,256.363,,460.463,319.894,27.188,,51.41,110.961,,
1957-01-01,159.998,101.229,45.242000000000004,0.0,,,,80.415,68.528,35.712,11.036,11.428,38.578,2.866,28.538,471.077,54.518,238.266,260.222,50.6,469.779,323.789,28.203,,52.465,113.546,,
1957-04-01,163.621,103.274,47.223,0.0,,,,79.894,67.94,36.076,11.068,11.46,38.965,2.889,28.942,473.964,52.239,239.617,262.057,,472.025,328.145,28.112,,52.64,116.336,,
1957-07-01,166.411,105.36,47.971000000000004,0.0,,,,79.858,67.792,36.292,11.132,11.532,39.197,2.905,29.281,478.836,51.138,241.829,264.724,,479.49,332.482,29.334,,54.066,117.825,,
1957-10-01,168.574,107.374,49.217,0.0,,,,77.1,65.16,35.896,10.952,11.356,38.804,2.908,29.346,473.699,46.878,240.092,263.301,,474.864,331.974,28.595,,53.215,120.633,,
1958-01-01,170.187,109.397,46.775,0.0,,,,73.586,61.632,35.156,10.972,11.364,38.178,3.022,29.697,468.148,40.564,236.724,259.767,50.2,467.54,333.104,25.526,,49.369,122.36,,
1958-04-01,172.308,111.383,47.704,0.0,,,,73.486,61.632,34.668,10.892,11.288,37.696,3.028,30.071,470.909,41.276,236.276,259.426,,471.978,336.028,24.365,,47.83,123.274,,
1958-07-01,175.485,113.98400000000001,47.94,0.0,,,,76.73,64.8,35.868,11.064,11.456,38.945,3.077,30.848,484.819,45.972,243.837,267.228,,485.841,343.668,24.136,,47.435,124.281,,
1958-10-01,180.368,117.177,49.49,0.0,,,,80.422,68.412,36.248,11.176,11.576,39.376,3.128,31.741,498.445,52.306,248.432,272.263,,499.555,348.811,25.482,,49.332,127.968,,
1959-01-01,185.15800000000002,120.39,48.991,0.0,,,,84.552,70.632,37.152,13.296,13.7,40.758,3.606,32.7,510.145,55.502,254.011,279.746,49.8,510.33,353.222,27.077,0.007,50.942,128.854,,
1959-04-01,190.686,123.583,51.878,0.0,,,,88.284,74.056,38.292,13.536,13.944,41.986,3.694,33.182,524.882,60.398,260.556,286.458,,522.653,360.377,28.059,0.005,52.735,131.927,,
1959-07-01,196.494,126.952,53.918,0.0,,,,86.484,72.152,38.712,13.484,13.9,42.679,3.967,34.357,522.572,54.549,260.899,286.926,,525.034,362.062,29.118,0.011,54.421,132.9,,
1959-10-01,202.312,130.099,57.213,0.0,,,,87.091,72.496,39.708,13.528,13.952,43.733,4.025,35.065,528.21,53.368,263.902,290.187,,528.6,366.634,29.127,0.032,54.398,136.647,,
1960-01-01,205.94400000000002,133.067,55.757,0.0,,,,95.237,77.184,41.14,16.008,16.456,45.292,4.152,35.976,542.125,58.778,270.749,298.735,50.2,542.648,371.359,30.089,0.076,56.322,138.744,,
1960-04-01,211.10500000000002,135.591,58.622,0.0,,,,93.874,75.816,41.816,16.044,16.488,46.028,4.212,36.695,543.396,54.428,273.398,301.716,,541.08,375.715,30.749,0.119,57.188,141.405,,
1960-07-01,215.38400000000001,138.517,59.59,0.0,,,,93.326,75.24,42.264,16.068,16.544,46.528,4.264,37.293,545.291,52.155,273.964,302.573,,545.604,377.847,29.471,0.149,56.165,141.925,,
1960-10-01,219.857,141.37800000000001,61.248000000000005,0.0,,,,91.782,73.98,42.132,15.948,16.424,46.424,4.292,37.852,543.938,50.05,273.308,302.104,,540.197,379.358,28.407,0.164,55.882,145.595,,
1961-01-01,223.424,144.159,59.339,0.0,,,,91.825,73.82,42.164,16.304,16.788,46.511,4.347,38.427,546.222,49.179,273.789,303.112,49.8,545.018,383.653,27.408,0.158,55.012,145.532,,
1961-04-01,227.802,146.812,60.597,0.0,,,,93.757,75.66,42.46,16.488,16.956,46.944,4.484,39.171,556.721,52.095,277.633,307.313,,555.545,389.432,28.635,0.161,56.198,147.695,,
1961-07-01,231.794,150.111,61.082,0.0,,,,95.586,77.316,42.756,16.62,17.116,47.402,4.646,40.062,567.148,55.033,282.252,312.32,,567.664,396.03,28.944,0.166,56.712,148.37,,
1961-10-01,237.897,154.02700000000002,63.435,0.0,,,,99.149,80.288,43.396,16.848,17.368,48.143,4.747,40.952,582.407,59.311,288.403,318.939,,580.612,404.186,30.628,0.183,58.473,152.991,,
1962-01-01,241.979,157.04500000000002,62.038000000000004,0.0,,,,100.566,80.136,44.552,18.416,18.94,49.402,4.85,41.814,592.505,58.34,293.276,325.482,49.5,594.013,409.933,31.401,0.188,59.656,153.767,,
1962-04-01,247.269,160.433,65.435,0.0,,,,102.104,81.324,45.964,18.624,19.164,50.924,4.96,42.39,600.073,58.026,298.747,331.427,,600.366,415.826,32.197,0.201,61.356,157.224,,
1962-07-01,253.278,164.27700000000002,66.626,0.0,,,,104.444,83.648,47.216,18.696,19.252,52.319,5.103,43.139,607.427,59.757,301.175,334.241,,609.027,419.178,32.321,0.225,62.101,158.727,,
1962-10-01,259.748,168.30700000000002,69.34400000000001,0.0,,,,105.634,84.796,48.384,18.768,19.34,53.575,5.191,43.773,615.802,60.694,304.234,337.658,,612.28,424.193,32.304,0.27,61.819,163.471,,
1963-01-01,265.529,171.943,68.935,0.0,,,,108.65,85.448,48.832,20.8,21.396,54.101,5.269,44.422,623.85,60.428,307.962,342.654,49.3,621.672,429.107,32.872,0.321,61.973,164.735,,
1963-04-01,273.045,175.98,72.217,0.0,,,,110.929,87.496,49.008,20.996,21.62,54.311,5.303,45.217,634.043,64.064,312.356,347.56,,629.752,433.739,33.467,0.402,63.883,167.543,,
1963-07-01,280.355,180.606,74.362,0.0,,,,112.083,88.356,49.096,21.18,21.82,54.593,5.497,46.332,643.45,65.769,316.845,352.644,,644.444,440.601,34.894,0.479,65.712,168.697,,
1963-10-01,288.207,185.106,77.87,0.0,,,,113.686,89.54,49.616,21.448,22.104,55.203,5.587,47.097,654.309,67.404,322.24,358.774,,653.938,449.437,36.238,0.531,67.669,174.187,,
1964-01-01,295.158,189.423,78.041,0.0,,,,112.282,87.56,47.992,21.44,22.104,53.755,5.763,48.282,667.299,70.805,328.222,365.175,49.3,669.822,460.392,37.146,0.547,69.113,175.705,,
1964-04-01,302.628,193.538,81.812,0.0,,,,108.6,83.648,43.724,21.676,22.348,49.723,5.999,49.233,678.727,70.797,334.833,372.622,,678.674,473.838,37.939,0.55,71.075,179.704,,
1964-07-01,309.327,198.03900000000002,84.142,0.0,,,,111.394,85.964,45.36,21.912,22.6,51.575,6.215,50.484,691.1,72.492,341.409,380.011,,692.031,481.587,39.264,0.539,73.406,181.904,,
1964-10-01,317.12600000000003,202.335,87.352,0.0,,,,112.996,87.432,46.864,22.1,22.804,53.223,6.359,51.093,700.907,71.69,346.687,386.093,,697.319,488.675,40.39,0.528,75.324,187.929,,
1965-01-01,323.883,206.582,87.645,0.0,,,,118.98,93.352,50.504,22.252,22.976,56.964,6.46,52.152,720.152,79.043,352.814,392.93,49.0,717.79,496.02,43.542,0.576,80.23,192.27700000000002,,
1965-04-01,331.135,210.488,92.243,0.0,,,,120.868,94.828,51.868,22.528,23.28,58.415,6.547,53.175,732.681,81.806,358.877,399.925,,730.191,504.149,44.296,0.629,83.382,197.856,,
1965-07-01,337.889,215.034,94.391,0.0,,,,119.248,92.916,50.384,22.872,23.636,57.005,6.621,54.393,745.903,83.277,366.215,408.34,,749.323,519.863,46.825,0.708,86.686,201.14000000000001,,
1965-10-01,345.859,219.449,97.489,0.0,,,,122.611,96.116,51.516,23.316,24.108,58.272,6.756,55.7,767.46,88.313,377.121,420.463,,771.857,531.956,48.457,0.795,90.645,208.197,,
1966-01-01,352.482,224.085,97.096,0.0,,,320.999,131.961,98.692,54.392,29.684,30.484,61.526,7.134,56.915,789.329,90.826,385.763,433.109,49.5,795.734,541.375,51.069,0.873,94.382,213.614,,
1966-04-01,359.67900000000003,227.382,100.205,0.0,,,316.097,136.737,102.972,58.0,30.132,30.948,65.567,7.567,58.046,801.086,91.204,395.903,444.412,,804.981,547.242,53.024,0.964,96.823,222.318,,
1966-07-01,363.409,230.3,100.989,0.0,,,324.748,139.097,104.296,59.836,31.2,32.028,67.854,8.018,59.478,814.396,90.553,406.132,455.669,,819.638,558.165,53.417,1.054,98.325,226.6,,
1966-10-01,368.389,232.74200000000002,103.422,0.0,,,329.319,141.754,106.272,62.18,31.464,32.304,70.565,8.385,60.633,828.503,88.953,413.485,463.804,,833.302,569.061,54.581,1.153,99.163,232.927,,
1967-01-01,371.777,234.955,101.348,0.0,,,330.947,142.613,105.788,62.856,32.892,33.744,71.175,8.319,61.575,836.797,85.784,418.841,470.007,50.1,844.17,579.322,52.713,1.171,97.999,238.657,,
1967-04-01,376.52,237.21,104.131,0.0,,,322.89300000000003,143.666,105.568,62.648,33.82,34.688,70.942,8.294,62.542,845.681,85.602,423.604,475.649,,848.983,586.696,53.577,1.179,98.297,246.02100000000002,,
1967-07-01,382.306,241.614,105.544,0.0,,,335.896,147.219,108.372,65.156,34.46,35.348,73.833,8.677,64.819,862.763,87.148,432.009,485.272,,865.233,597.752,53.193,1.155,98.785,249.546,,
1967-10-01,402.313,245.97400000000002,108.56700000000001,0.0,,,344.663,151.53,111.94,66.884,35.236,36.136,75.894,9.01,66.956,881.145,91.881,441.583,496.236,,881.439,607.28,55.286,1.183,101.744,255.25300000000001,,
1968-01-01,397.669,250.119,107.272,0.0,,,349.473,160.283,118.228,68.832,36.804,37.72,78.564,9.732,70.187,904.129,95.276,454.21,510.872,50.3,909.387,623.954,57.601,1.229,105.582,262.637,,
1968-04-01,407.891,253.803,111.404,0.0,,,345.369,165.013,121.904,71.392,37.636,38.56,81.665,10.273,72.297,927.463,97.59,465.923,523.992,,934.344,640.688,56.698,1.285,105.299,270.479,,
1968-07-01,415.109,258.28000000000003,114.16,0.0,,,354.743,176.139,132.152,81.016,38.268,39.22,91.861,10.845,74.582,949.276,98.14,478.33,537.821,,950.825,649.389,58.581,1.343,107.609,276.129,,
1968-10-01,426.687,262.934,119.324,0.0,,,358.029,180.877,136.584,84.5,38.88,39.856,95.858,11.358,76.522,969.185,100.619,489.423,550.317,,968.03,661.666,61.233,1.414,112.182,286.805,,
1969-01-01,429.576,265.603,118.884,0.0,,,359.546,190.311,143.02,90.744,42.12,43.1,102.602,11.858,78.975,988.736,100.694,499.068,562.766,51.0,993.337,669.756,63.689,1.516,115.993,294.098,,
1969-04-01,438.266,269.871,123.675,0.0,,,352.895,193.411,145.064,93.336,42.888,43.904,105.66,12.324,81.065,1007.398,97.803,511.382,576.719,,1009.02,684.95,64.691,1.679,118.368,304.779,,
1969-07-01,443.618,274.629,125.813,0.0,,,360.685,191.114,141.652,90.776,43.804,44.844,104.139,13.363,83.868,1028.459,94.702,526.431,593.435,,1029.956,707.48,66.122,1.885,122.408,311.027,,
1969-10-01,453.267,278.689,129.231,0.0,,,368.226,192.503,142.068,91.944,44.444,45.512,105.623,13.679,85.932,1039.539,93.411,536.451,604.917,,1038.147,721.137,66.149,2.08,123.284,320.276,,
1970-01-01,451.25600000000003,277.74,126.663,0.0,,,372.007,186.404,135.748,90.556,45.144,46.216,104.573,14.017,88.383,1047.063,86.399,545.098,614.953,51.6,1051.2,737.168,66.401,2.257,123.796,339.634,,
1970-04-01,453.903,278.865,129.421,0.0,,,370.094,187.428,136.872,91.364,45.408,46.488,105.512,14.148,90.315,1061.858,86.35,549.066,620.233,,1067.375,754.52,66.748,2.369,125.008,352.15000000000003,,
1970-07-01,459.349,281.771,131.424,0.0,,,378.678,183.818,132.8,86.34,45.856,46.948,100.657,14.317,92.473,1079.478,88.276,555.722,628.194,,1086.059,774.022,67.661,2.366,126.255,357.78700000000003,,
1970-10-01,467.157,286.015,133.66,0.0,,,389.158,182.86,132.3,87.152,45.608,46.72,101.538,14.386,93.985,1083.461,84.026,556.354,630.007,,1088.608,782.186,64.834,2.292,123.52,365.371,,
1971-01-01,475.664,291.47,134.072,0.0,,,391.668,187.534,133.248,83.62,49.632,50.764,98.331,14.711,97.051,1121.847,94.536,570.513,647.901,50.6,1135.156,805.328,66.644,2.245,126.281,372.16,,
1971-04-01,485.229,295.43,138.912,0.0,,,397.305,190.401,134.872,85.108,50.212,51.376,100.714,15.606,100.049,1143.994,97.736,580.449,659.794,,1156.271,826.35,68.69,2.342,129.481,381.93,,
1971-07-01,496.017,302.12600000000003,143.465,0.0,,,412.26800000000003,190.828,135.276,86.292,50.464,51.648,102.307,16.015,103.193,1165.451,101.096,588.79,670.109,,1177.675,838.808,69.26,2.451,131.19,388.654,,
1971-10-01,511.303,309.454,149.243,0.0,,,424.13100000000003,194.062,137.648,88.192,51.012,52.228,105.468,17.276,106.455,1190.035,103.715,598.442,682.175,,1190.297,853.832,71.642,2.602,134.711,395.247,,
1972-01-01,524.671,317.906,148.847,0.0,,,427.344,213.089,150.632,100.284,57.264,58.52,119.785,19.501,110.861,1225.632,109.925,618.471,708.353,50.2,1230.609,866.754,74.881,2.683,140.585,404.91200000000003,,
1972-04-01,540.098,324.324,156.222,0.0,,,426.435,216.471,153.08,102.404,57.864,59.172,123.37,20.966,114.536,1249.073,111.285,630.373,722.472,,1266.369,880.815,76.946,2.759,143.976,415.599,,
1972-07-01,553.144,333.264,161.529,0.0,,,433.946,219.399,155.1,103.06,58.528,59.864,124.277,21.217,116.791,1281.679,115.772,642.325,735.743,,1290.566,905.843,78.938,2.84,147.015,421.868,,
1972-10-01,571.26,343.552,168.757,0.0,,,448.473,227.075,161.256,105.28,59.376,60.756,127.128,21.848,120.14,1331.426,126.556,663.97,758.765,,1328.904,949.861,84.78,2.831,154.967,436.833,,
1973-01-01,590.517,353.598,171.528,0.0,,,458.606,242.522,163.716,104.5,72.72,74.144,126.399,21.899,122.995,1370.82,141.563,683.351,785.41,49.9,1377.49,968.678,89.808,2.979,162.839,450.628,,
1973-04-01,604.553,361.862,180.398,0.0,,,457.317,246.522,166.456,106.864,73.8,75.268,129.181,22.317,124.722,1399.511,145.069,700.188,803.214,,1413.887,995.679,94.897,3.13,171.283,469.12100000000004,,
1973-07-01,620.759,371.04200000000003,186.695,0.0,,,460.61400000000003,249.57,168.66,110.976,75.1,76.62,134.089,23.113,127.638,1431.358,145.145,716.164,820.407,,1433.838,1018.43,96.85,3.294,176.642,486.204,,
1973-10-01,636.669,382.218,192.98000000000002,0.0,,,469.07300000000004,258.372,175.876,115.984,76.564,78.12,139.959,23.975,129.745,1475.234,152.745,735.343,841.697,,1476.289,1050.7,98.693,3.478,180.142,506.31600000000003,,
1974-01-01,649.073,392.321,190.46,0.0,,,473.675,265.946,177.044,119.528,82.08,83.676,142.792,23.264,130.614,1491.146,157.26,748.181,858.334,50.2,1491.209,1064.035,100.032,3.578,183.404,520.172,,
1974-04-01,664.213,400.813,196.77700000000002,0.0,,,474.235,276.413,184.556,124.82,83.616,85.26,148.902,24.082,134.706,1520.365,162.207,765.297,878.489,,1530.056,1083.985,102.376,3.695,188.818,540.691,,
1974-07-01,678.86,410.404,201.241,0.0,,,481.466,287.468,193.832,129.748,85.236,86.92,154.911,25.163,139.277,1556.456,172.572,783.131,900.196,,1560.026,1114.191,107.085,4.001,194.485,550.819,,
1974-10-01,691.463,419.339,201.92600000000002,0.0,,,492.664,284.178,190.652,132.004,85.408,87.144,157.587,25.583,139.563,1583.154,154.068,792.519,913.838,,1599.679,1140.869,107.77,4.374,197.569,565.221,,
1975-01-01,700.256,427.459,195.912,0.0,,,509.659,277.795,183.944,132.264,86.468,88.22,157.988,25.724,140.857,1600.724,133.019,791.92,918.38,48.7,1616.116,1160.434,104.513,4.803,193.137,568.354,,
1975-04-01,708.3870000000001,435.481,195.933,0.0,,,533.188,244.783,150.556,94.612,86.812,88.612,121.068,26.456,144.775,1637.971,140.826,800.367,931.175,,1651.853,1228.887,105.582,4.827,193.276,572.693,,
1975-07-01,724.097,445.509,201.183,0.0,,,553.647,288.242,192.616,125.664,88.48,90.348,152.831,27.167,150.262,1700.816,167.855,821.293,955.99,,1709.82,1233.647,108.527,4.749,197.807,573.254,,
1975-10-01,747.467,459.087,206.996,0.0,,,576.649,296.518,198.704,130.38,90.456,92.408,158.541,28.161,153.862,1746.705,177.391,845.772,983.379,,1761.831,1264.165,111.84,4.741,202.883,579.9830000000001,,
1976-01-01,767.638,474.026,204.90800000000002,0.0,,,600.49,312.071,204.383,133.035,97.54,99.576,162.503,29.468,160.014,1801.802,193.546,871.218,1014.715,48.5,1820.487,1293.61,115.026,4.818,209.504,582.824,,
1976-04-01,788.201,485.63300000000004,213.148,0.0,,,620.432,318.959,209.755,138.739,98.924,101.056,169.337,30.598,163.742,1831.4,195.931,889.382,1035.504,,1852.332,1311.899,118.315,5.088,215.008,595.972,,
1976-07-01,808.287,500.528,220.68800000000002,0.0,,,634.701,326.737,215.427,144.527,100.6,102.836,176.128,31.601,167.286,1869.193,197.82,908.452,1058.375,,1886.558,1342.259,123.099,5.33,222.627,604.184,,
1976-10-01,836.251,517.073,228.961,0.0,,,653.543,332.586,220.003,150.087,102.08,104.424,182.716,32.629,171.854,1908.639,197.559,929.928,1084.794,,1934.273,1372.14,128.525,5.58,230.244,620.242,,
1977-01-01,864.809,536.389,229.155,0.0,,,669.207,347.306,228.932,155.268,107.488,110.0,188.798,33.53,176.926,1960.906,212.751,950.043,1113.279,48.2,1988.648,1400.016,139.0,5.454,243.278,635.948,,
1977-04-01,897.922,556.489,242.048,0.0,,,674.4250000000001,361.277,239.908,160.972,110.136,112.84,195.691,34.719,181.607,2035.208,227.171,980.908,1150.291,,2055.909,1437.33,144.64,5.483,253.749,654.658,,
1977-07-01,931.219,579.5840000000001,252.953,0.0,,,698.84,367.93,244.424,162.624,112.248,115.104,198.551,35.927,186.107,2097.868,235.983,1007.506,1182.109,,2118.473,1479.197,150.611,5.454,263.268,668.259,,
1977-10-01,966.499,602.997,264.892,0.0,,,718.943,378.968,253.3,171.188,114.44,117.468,208.476,37.288,190.304,2155.534,238.067,1038.175,1217.622,,2164.27,1528.88,160.407,5.512,275.943,694.5360000000001,,
1978-01-01,1002.802,627.038,266.971,0.0,,,737.951,386.734,252.624,173.36,121.559,124.743,211.996,38.636,192.112,2199.97,238.131,1063.845,1250.911,48.1,2202.76,1566.088,164.61,5.726,282.424,713.231,,
1978-04-01,1046.971,650.88,284.526,0.0,,,749.024,416.291,275.452,182.944,126.541,129.889,223.084,40.14,200.207,2309.587,270.75,1106.042,1299.127,,2331.633,1615.146,179.682,6.103,309.351,737.085,,
1978-07-01,1088.856,678.732,298.022,0.0,,,771.544,436.032,288.508,195.376,130.751,134.235,236.298,40.922,197.637,2365.857,277.887,1137.996,1336.859,,2395.053,1656.31,185.477,6.52,325.1,748.583,,
1978-10-01,1128.011,708.641,311.305,0.0,,,789.207,456.243,302.716,205.116,136.008,139.632,247.218,42.102,202.748,2437.684,294.871,1174.396,1380.158,,2476.949,1698.742,192.766,7.032,341.428,769.609,,
1979-01-01,1170.217,740.03,313.819,0.0,,,796.792,466.743,305.111,211.591,143.122,146.89,253.625,42.034,206.311,2501.832,294.758,1208.565,1422.516,48.5,2526.61,1751.557,203.43,7.452,356.695,792.753,,
1979-04-01,1211.369,766.2520000000001,327.319,0.0,,,804.913,480.375,313.483,219.935,147.374,151.23,261.998,42.063,208.412,2550.227,303.309,1234.381,1454.749,,2591.247,1783.199,204.185,7.906,364.268,818.663,,
1979-07-01,1255.569,795.664,341.528,0.0,,,826.519,494.758,321.235,229.435,152.357,156.289,274.827,45.392,214.558,2609.135,307.044,1269.386,1496.72,,2667.565,1836.048,212.114,8.351,383.003,837.971,,
1979-10-01,1296.896,826.724,354.616,0.0,,,845.116,506.212,327.619,238.563,156.34,160.304,285.202,46.639,218.787,2668.123,300.4,1300.925,1534.939,,2723.883,1884.378,212.49,8.831,391.332,854.982,,
1980-01-01,1338.608,860.063,349.66200000000003,0.0,,,863.451,517.694,334.369,238.273,159.309,162.917,284.825,46.552,224.521,2722.05,308.567,1333.777,1573.594,48.8,2789.842,1948.375,219.621,9.142,404.492,878.546,,
1980-04-01,1352.03,875.72,345.637,0.0,,,877.614,515.412,329.157,244.173,160.986,163.902,292.174,48.001,224.101,2741.686,259.369,1353.879,1599.17,,2797.352,1978.594,209.102,9.544,394.68,884.112,,
1980-07-01,1381.252,900.2090000000001,350.336,0.0,,,907.701,535.906,346.541,252.789,164.16,167.972,302.195,49.406,231.508,2823.75,273.866,1377.302,1628.599,,2856.483,2047.035,215.242,10.055,405.717,895.589,,
1980-10-01,1420.1870000000001,926.5260000000001,358.044,0.0,,,930.21,565.766,367.909,267.249,170.069,174.021,318.854,51.605,239.966,2964.663,287.493,1428.729,1687.627,,2985.557,2125.789,221.582,10.603,422.755,922.667,,
1981-01-01,1442.338,944.614,353.902,0.0,,,964.5310000000001,605.919,389.143,278.363,187.274,191.018,330.898,52.535,249.533,3064.9,290.091,1467.662,1739.612,47.7,3124.206,2177.067,231.96,11.087,443.025,939.967,,
1981-04-01,1474.872,966.081,361.61,0.0,,,971.174,616.972,393.071,288.999,190.927,194.755,342.672,53.673,252.505,3127.116,269.173,1496.683,1774.75,,3162.532,2215.467,238.318,11.485,462.864,980.152,,
1981-07-01,1498.878,980.8000000000001,371.928,0.0,,,997.855,635.312,404.735,301.399,195.628,199.536,356.887,55.488,259.466,3231.849,276.768,1530.569,1815.085,,3260.609,2300.12,246.606,12.038,482.109,1017.048,,
1981-10-01,1526.55,998.261,377.882,0.0,,,1028.729,626.044,390.203,295.899,198.207,202.167,352.663,56.764,261.584,3253.483,264.071,1550.577,1840.652,,3280.818,2337.014,246.525,12.77,503.755,1041.69,,
1982-01-01,1545.0040000000001,1012.7230000000001,373.53700000000003,0.0,,,1061.299,616.913,373.505,295.213,203.194,207.206,352.515,57.302,265.371,3272.128,232.072,1567.538,1864.663,47.6,3274.302,2372.184,242.825,13.739,500.083,1072.6770000000001,,
1982-04-01,1564.464,1021.85,380.887,0.0,,,1079.63,624.274,377.697,301.669,205.195,209.231,359.735,58.066,270.632,3326.727,236.016,1581.739,1884.363,,3331.972,2409.803,235.435,14.136,490.069,1102.667,,
1982-07-01,1567.289,1017.038,386.815,0.0,,,1142.035,615.22,366.537,289.737,207.451,211.507,350.149,60.412,276.513,3360.833,231.801,1596.438,1904.756,,3366.322,2460.346,232.297,14.193,478.723,1123.355,,
1982-10-01,1597.887,1031.175,396.718,0.0,,,1197.074,618.246,369.325,295.765,208.332,212.4,356.573,60.808,280.116,3380.87,221.016,1604.354,1918.147,,3402.561,2496.537,228.891,14.091,471.521,1133.06,,
1983-01-01,1608.036,1033.17,391.91,0.0,,,1244.493,622.851,366.026,289.538,216.14,220.176,350.873,61.335,283.719,3442.826,224.222,1622.449,1947.207,46.9,3473.413,2542.271,227.091,14.828,462.106,1163.801,,
1983-04-01,1652.377,1057.0240000000001,403.838,0.0,,,1319.5810000000001,649.294,388.038,295.282,220.152,224.208,359.553,64.271,295.918,3526.639,258.631,1654.672,1986.295,,3578.848,2583.834,237.585,15.77,466.455,1187.582,,
1983-07-01,1700.844,1085.787,420.612,0.0,,,1377.211,644.513,377.326,277.342,224.763,228.911,345.432,68.09,307.524,3613.588,278.701,1691.405,2029.635,,3689.179,2656.772,249.81,17.018,485.371,1211.236,,
1983-10-01,1759.5720000000001,1116.384,444.878,0.0,,,1410.702,662.403,386.546,284.934,231.218,235.538,355.658,70.724,316.435,3725.69,286.539,1741.526,2086.815,,3794.706,2732.466,271.388,17.92,514.687,1250.208,,
1984-01-01,1813.1390000000001,1153.101,452.01,0.0,,,1463.741,692.666,401.0,287.888,246.26,250.78,361.174,73.286,328.026,3866.136,307.677,1784.009,2143.849,46.2,3908.054,2815.063,275.598,18.726,531.465,1295.387,,
1984-04-01,1870.217,1182.19,479.79900000000004,0.0,,,1512.6970000000001,706.797,407.192,294.596,252.113,256.785,370.444,75.848,335.988,3962.847,307.55,1828.142,2195.159,,4009.601,2888.212,288.951,19.658,558.274,1355.506,,
1984-07-01,1915.438,1210.049,501.839,0.0,,,1572.267,714.664,409.792,307.34,257.081,261.833,384.11,76.77,339.038,4040.395,286.582,1867.05,2241.61,,4084.25,2948.522,297.338,20.872,576.642,1394.849,,
1984-10-01,1977.628,1243.294,526.5840000000001,0.0,,,1662.9660000000001,730.548,420.74,317.748,261.063,265.827,395.936,78.188,346.128,4115.393,288.699,1900.457,2282.869,,4148.551,2991.25,305.614,22.192,590.903,1463.098,,
1985-01-01,2078.562,1316.829,536.023,0.0,,,1710.731,781.049,458.534,353.018,271.014,275.738,432.285,79.267,353.914,4191.02,284.354,1932.147,2323.513,46.3,4230.168,3019.219,302.612,23.002,599.417,1491.625,0.82,
1985-04-01,2142.766,1348.4470000000001,559.592,0.0,,,1774.64,745.285,411.414,307.582,274.991,279.751,388.524,80.942,360.619,4248.348,283.403,1963.626,2363.643,,4294.887,3104.431,309.543,23.742,609.088,1532.853,0.97,
1985-07-01,2223.574,1402.267,585.905,0.0,,,1823.103,784.058,449.822,340.03,279.722,284.618,421.527,81.497,367.48,4325.809,293.054,1997.416,2406.422,,4386.773,3120.151,306.093,23.85,604.432,1564.33,1.15,
1985-10-01,2329.728,1450.249,610.5740000000001,0.0,,,1945.942,792.513,451.882,345.182,285.909,291.073,428.916,83.734,372.739,4374.446,292.145,2037.011,2455.72,,4444.094,3176.512,313.379,24.453,618.067,1645.088,1.28,
1986-01-01,2383.822,1489.804,606.799,0.0,,,1986.816,800.95,450.793,341.825,292.67,298.158,426.304,84.479,378.866,4439.594,262.509,2063.537,2491.109,46.7,4507.894,3242.404,310.777,24.755,613.525,1689.436,1.35,
1986-04-01,2436.276,1529.839,627.891,0.0,,,2059.349,805.141,452.337,344.405,296.076,301.868,429.417,85.012,383.619,4468.777,259.631,2081.804,2517.187,,4545.34,3279.727,317.524,25.488,605.016,1748.88,1.42,
1986-07-01,2514.1040000000003,1589.114,649.888,0.0,,,2125.304,819.983,462.097,351.973,300.811,306.927,439.467,87.494,392.209,4515.237,260.908,2111.468,2555.233,,4607.669,3315.453,318.616,25.821,601.964,1795.47,1.49,
1986-10-01,2592.227,1649.0240000000001,666.355,0.0,,,2214.835,845.559,482.909,364.201,306.175,312.607,456.036,91.835,403.47,4575.53,278.491,2152.531,2604.724,,4657.627,3335.966,323.862,26.393,610.553,1874.981,1.49,
1987-01-01,2626.5460000000003,1694.5240000000001,644.317,0.0,,,2246.724,847.588,480.364,358.341,310.656,317.388,450.732,92.391,406.977,4652.468,293.229,2192.652,2647.757,46.9,4722.156,3392.286,312.608,27.307,596.551,1920.462,1.47,
1987-04-01,2706.761,1757.67,660.313,0.0,,,2309.296,917.117,545.316,410.213,314.489,321.525,511.671,101.458,424.51,4759.392,335.736,2229.89,2692.023,,4806.16,3389.595,320.184,28.403,608.371,1969.402,1.47,
1987-07-01,2774.485,1804.085,679.6370000000001,0.0,,,2350.277,909.12,534.536,394.853,318.982,326.326,488.976,94.123,424.914,4865.151,355.594,2270.785,2740.263,,4884.555,3483.129,327.084,29.579,625.48,2009.563,1.43,
1987-10-01,2818.757,1829.012,698.64,0.0,,,2431.715,924.141,545.447,408.541,325.597,333.313,506.969,98.428,432.024,4969.432,357.921,2331.739,2809.576,,5007.994,3563.869,323.803,30.69,630.552,2071.514,1.49,
1988-01-01,2894.766,1887.976,693.732,0.0,,,2487.551,941.345,538.868,402.645,344.692,352.708,502.07,99.425,438.504,5068.209,364.815,2366.183,2857.56,46.6,5073.372,3651.096,335.612,31.501,641.498,2126.58,1.45,
1988-04-01,2967.78,1946.178,710.128,0.0,,,2547.656,950.149,542.697,400.585,351.688,359.98,497.805,97.22,445.627,5176.433,386.624,2421.533,2923.125,,5190.036,3733.633,344.833,32.557,659.366,2186.233,1.47,
1988-07-01,3038.213,1999.611,725.838,0.0,,,2602.183,967.626,552.924,402.529,357.692,366.2,506.668,104.139,458.729,5285.539,394.999,2462.854,2975.841,,5282.835,3818.096,349.142,33.883,666.332,2218.348,1.52,
1988-10-01,3102.094,2055.294,745.206,0.0,,,2684.3920000000003,990.606,564.743,409.621,365.044,373.736,517.213,107.592,468.192,5404.274,414.138,2508.558,3035.418,,5399.509,3893.495,357.678,35.383,681.924,2289.762,1.46,
1989-01-01,3167.159,2092.542,753.193,0.0,,,2740.898,1031.053,598.209,439.507,370.937,379.697,552.879,113.372,481.377,5493.904,415.784,2540.806,3079.06,46.3,5511.253,3980.878,363.359,37.319,696.466,2350.391,1.57,
1989-04-01,3242.022,2143.831,769.617,0.0,,,2799.9230000000002,1032.695,594.565,448.427,375.429,384.289,566.694,118.267,490.762,5542.536,396.129,2563.467,3114.552,,5612.463,4021.334,371.633,39.53,708.998,2412.985,1.55,
1989-07-01,3314.1,2205.558,784.207,0.0,,,2857.431,1046.881,601.42,457.067,379.849,388.869,571.581,114.514,491.214,5606.205,381.767,2592.251,3155.045,,5695.365,4071.738,381.049,41.852,731.137,2433.598,1.54,
1989-10-01,3386.02,2260.582,809.285,0.0,,,2952.994,1059.266,610.382,467.379,385.638,394.894,579.785,112.406,488.663,5652.361,381.62,2635.68,3209.749,,5747.237,4139.149,372.601,43.679,727.373,2482.035,1.64,
1990-01-01,3479.871,2341.846,792.32,0.0,,,3051.958,1062.617,607.186,463.172,393.98,403.512,582.523,119.351,510.042,5767.833,389.554,2684.433,3272.763,46.7,5872.701,4232.899,376.407,44.636,740.88,2539.076,1.65,
1990-04-01,3541.855,2396.457,798.712,0.0,,,3143.754,1079.516,620.34,472.028,398.959,408.815,594.611,122.583,513.379,5864.899,406.69,2738.832,3334.711,,5960.028,4302.906,365.729,45.556,734.124,2579.235,1.72,
1990-07-01,3593.752,2444.405,812.302,0.0,,,3233.313,1097.485,628.133,477.004,406.368,416.584,600.726,123.722,522.319,5910.988,414.315,2769.31,3372.521,,6015.116,4358.183,373.622,44.742,744.412,2598.829,1.83,
1990-10-01,3646.226,2489.811,824.391,0.0,,,3364.82,1110.899,626.593,476.232,408.852,419.388,600.814,124.582,530.751,5927.434,412.052,2772.219,3381.496,,6004.733,4380.538,371.807,46.695,737.519,2613.8940000000002,1.97,
1991-01-01,3702.063,2539.212,802.207,0.0,,,3465.189,1095.589,613.433,459.568,412.031,423.019,580.772,121.204,529.292,5973.071,419.655,2771.729,3387.532,46.4,6035.178,4416.999,361.307,48.101,729.8,2607.4030000000002,2.2,3.1
1991-04-01,3758.137,2594.631,801.306,0.0,,,3537.9880000000003,1100.96,612.927,461.448,418.283,429.703,585.925,124.477,538.125,6034.491,420.589,2800.145,3427.613,,6126.862,4474.407,358.16,48.618,726.787,2610.688,2.33,3.17
1991-07-01,3788.9970000000003,2614.926,802.5,0.0,,,3665.303,1111.369,616.693,464.132,423.726,435.558,590.237,126.105,549.279,6098.185,427.351,2828.083,3469.924,,6205.937,4522.072,362.57,48.69,720.15,2588.9320000000002,2.4,3.22
1991-10-01,3855.23,2667.88,815.581,0.0,,,3801.698,1123.376,625.41,469.212,428.412,440.648,598.671,129.459,560.416,6155.919,434.284,2857.955,3516.988,,6264.54,4590.565,361.361,49.422,717.6,2556.446,2.28,3.28
1992-01-01,3907.015,2717.077,793.3530000000001,0.0,,,3881.288,1132.752,627.451,461.343,439.885,452.493,588.897,127.554,565.514,6284.7,460.234,2912.856,3595.67,46.3,6363.102,4708.396,360.058,49.294,714.208,2578.3160000000003,2.39,3.13
1992-04-01,3944.262,2745.7690000000002,792.332,0.0,,,3984.656,1147.78,637.932,470.239,445.133,458.105,607.169,136.93,579.829,6375.336,476.926,2951.982,3651.9,,6470.763,4784.123,379.543,50.125,736.717,2580.753,2.27,3.06
1992-07-01,3996.745,2791.935,801.933,0.0,,,4064.621,1154.549,642.804,479.431,447.907,461.215,616.201,136.77,584.064,6427.0,456.448,2976.554,3688.514,,6566.641,4835.461,387.626,51.363,748.536,2577.4,2.1,2.89
1992-10-01,4056.078,2840.9030000000002,824.769,0.0,,,4177.009,1182.333,673.51,498.975,442.935,456.539,638.942,139.967,589.657,6532.228,473.111,3020.771,3736.905,,6680.803,4890.79,399.564,53.435,768.287,2574.349,2.07,2.79
1993-01-01,4098.211,2865.468,807.2620000000001,0.0,,,4230.58,1184.875,656.938,480.339,462.113,475.941,617.005,136.666,589.026,6546.005,476.366,3015.937,3745.569,45.9,6729.459,4938.702,406.612,55.408,776.488,2619.005,1.84,2.78
1993-04-01,4159.161,2915.007,818.662,0.0,,,4351.95,1223.883,694.565,505.254,462.364,476.416,643.507,138.253,597.801,6664.264,503.128,3066.45,3800.22,,6808.939,4987.377,421.532,56.718,792.371,2660.533,1.82,2.67
1993-07-01,4230.313,2957.541,842.668,0.0,,,4411.4890000000005,1232.038,699.151,515.625,466.793,481.029,659.21,143.585,608.308,6717.134,508.489,3093.619,3834.11,,6882.098,5013.209,424.98,57.962,798.315,2688.607,1.72,2.59
1993-10-01,4305.539,2999.676,886.169,0.353,,,4535.687,1283.357,746.417,529.534,470.797,485.197,675.296,145.762,623.825,6885.13,560.399,3141.356,3889.258,,7013.738,5077.154,447.438,58.673,829.642,2722.099,1.56,2.44
1994-01-01,4377.943,3042.089,883.876,0.35000000000000003,,,4575.869,1283.869,727.521,526.741,485.839,500.407,673.667,146.926,630.031,6956.227,569.189,3152.713,3913.385,45.3,7115.652,5128.478,461.783,59.289,840.715,2800.8920000000003,1.49,2.39
1994-04-01,4456.485,3082.415,918.58,0.354,,,4645.802,1329.298,767.039,555.921,492.977,507.581,697.839,141.918,636.391,7098.217,591.648,3223.321,3991.532,,7246.931,5208.541,465.422,59.966,855.609,2848.243,1.42,2.26
1994-07-01,4528.3460000000005,3118.9590000000003,959.953,0.558,,,4692.75,1339.921,770.302,544.221,499.042,513.57,695.382,151.161,652.585,7205.842,629.705,3258.704,4031.752,,7331.075,5276.837,476.463,60.838,872.098,2882.838,1.41,2.16
1994-10-01,4630.251,3166.443,1021.168,6.865,,,4800.150000000001,1364.292,788.991,553.445,506.751,521.111,705.402,151.957,657.881,7331.661,653.542,3311.62,4088.097,,7455.288,5377.53,501.851,61.483,906.989,2930.1330000000003,1.47,2.06
1995-01-01,4703.85,3204.273,1024.546,6.8740000000000006,,,4864.116,1388.068,803.103,567.68,514.196,528.188,724.613,156.933,668.225,7401.941,672.292,3358.102,4134.442,45.3,7522.289,5449.491,525.294,62.673,944.62,3001.533,1.44,2.08
1995-04-01,4786.125,3245.223,1063.126,6.211,,,4951.372,1416.403,826.947,594.377,518.955,532.703,746.808,152.431,661.586,7480.96,692.346,3395.188,4172.863,,7580.997,5496.388,525.398,64.449,956.779,3069.786,1.63,2.12
1995-07-01,4879.837,3286.337,1109.599,7.166,,,4973.983,1423.846,830.271,591.549,524.6,538.068,752.216,160.667,676.065,7610.482,707.332,3438.905,4219.726,,7683.125,5568.822,524.84,66.445,965.53,3090.731,1.82,2.16
1995-10-01,4953.383,3320.5080000000003,1168.16,9.182,,,4988.665,1441.408,842.468,607.583,529.86,543.052,769.99,162.407,682.585,7696.985,710.943,3479.893,4265.315,,7772.586,5625.106,536.979,68.342,982.059,3141.4230000000002,1.99,2.17
1996-01-01,5075.523,3397.077,1162.207,11.536,,,5117.786,1476.422,875.999,636.39,532.932,545.944,801.731,165.341,695.045,7820.26,738.865,3524.438,4314.538,45.1,7868.468,5708.976,546.017,70.472,1003.747,3190.024,2.14,2.18
1996-04-01,5166.162,3449.82,1196.579,13.039,,,5161.076,1531.314,921.58,673.639,541.721,554.381,839.564,165.925,705.958,7967.235,753.681,3589.95,4387.502,,8032.84,5799.069,556.858,72.791,1026.468,3249.742,2.26,2.26
1996-07-01,5236.8150000000005,3490.826,1229.847,15.529,,,5224.811,1544.427,923.88,674.219,549.488,561.768,843.542,169.323,712.661,8066.765,750.994,3647.237,4451.23,,8131.408,5869.286,577.0,75.41,1058.965,3281.431,2.33,2.24
1996-10-01,5316.549,3538.631,1273.878,17.671,,,5323.1720000000005,1593.223,946.372,689.392,557.511,569.371,863.498,174.106,724.72,8210.113,767.718,3704.252,4514.499,,8259.771,5939.133,581.359,79.418,1083.597,3302.602,2.4,2.33
1997-01-01,5396.636,3590.819,1254.175,20.512,,,5380.89,1615.265,978.033,724.327,566.012,577.3,902.112,177.785,734.643,8349.95,782.583,3776.357,4592.404,45.2,8362.655,6020.067,587.506,87.358,1107.299,3381.611,2.56,2.3
1997-04-01,5478.887,3636.217,1278.038,22.885,,,5376.151,1651.819,1004.394,739.297,573.969,584.877,916.234,176.937,741.177,8474.827,806.995,3835.645,4659.976,,8518.825,6087.066,602.318,91.549,1129.567,3456.635,2.77,2.28
1997-07-01,5576.476000000001,3707.9790000000003,1305.805,25.614,,,5413.146,1689.431,1032.495,757.034,582.932,593.572,941.108,184.074,756.251,8648.935,842.423,3902.961,4738.859,,8662.823,6175.301,630.464,95.827,1178.364,3542.184,2.79,2.25
1997-10-01,5656.358,3746.359,1344.165,27.635,,,5502.388,1713.033,1045.441,778.63,594.814,605.27,967.83,189.2,767.612,8795.494,836.112,3992.413,4844.037,,8765.907,6286.188,623.149,100.282,1181.123,3623.539,2.68,2.21
1998-01-01,5765.428,3826.3940000000002,1324.0430000000001,31.397000000000002,,,5542.426,1744.269,1063.588,800.573,602.842,613.322,996.132,195.559,779.816,8894.375,761.336,4074.893,4941.988,45.8,8866.48,6420.339,645.754,102.492,1212.378,3752.851,2.63,2.2
1998-04-01,5888.741,3893.2470000000003,1367.7440000000001,33.586,,,5547.935,1771.548,1081.512,820.909,612.303,622.763,1022.352,201.443,791.396,9046.494,757.345,4145.492,5028.314,,8969.699,6522.052,655.875,105.803,1247.103,3888.4500000000003,2.64,2.13
1998-07-01,5978.997,3953.3830000000003,1400.718,36.992,,,5526.193,1808.447,1108.773,841.613,622.233,632.569,1043.209,201.596,798.84,9210.815,760.731,4217.415,5114.859,,9121.097,6607.2,658.429,111.121,1261.652,3973.464,2.57,2.1
1998-10-01,6110.785,4048.59,1441.272,36.516,,,5614.217000000001,1835.085,1127.159,861.701,632.231,642.359,1067.989,206.288,809.668,9325.159,739.763,4288.664,5199.394,,9293.991,6674.156,680.0,117.497,1295.444,4070.607,2.5,2.03
1999-01-01,6252.009,4153.253,1442.3980000000001,40.636,,,5651.615,1860.002,1142.659,869.78,643.462,653.338,1077.946,208.166,820.661,9486.042,778.933,4364.622,5286.953,46.1,9411.682,6758.699,695.097,124.347,1322.305,4208.944,2.4,1.94
1999-04-01,6394.036,4237.787,1471.5810000000001,42.787,,,5638.78,1885.184,1158.005,885.759,649.267,658.967,1095.158,209.398,830.289,9567.858,792.128,4409.322,5343.904,,9526.21,6801.646,712.119,134.098,1353.96,4283.145,2.12,1.88
1999-07-01,6531.319,4339.896,1511.895,46.457,,,5656.271,1914.862,1182.148,904.174,656.729,666.393,1120.596,216.423,847.242,9695.871,796.885,4473.677,5423.98,,9686.626,6887.388,728.141,141.883,1386.594,4421.657,2.26,2.15
1999-10-01,6680.932,4424.263,1553.622,47.988,,,5776.091,1963.756,1215.337,929.997,669.846,679.614,1153.957,223.96,863.548,9892.178,822.903,4584.082,5555.892,,9900.169,7019.004,719.148,146.249,1395.049,4477.21,2.2,1.99
2000-01-01,6845.481,4513.839,1553.765,52.264,,,5773.392,2041.764,1272.073,976.6,689.432,699.456,1208.755,232.154,881.769,10156.063,808.353,4751.494,5749.187,46.6,10002.179,7199.618,749.4,151.8,1450.25,4611.3550000000005,2.23,1.95
2000-04-01,6973.635,4609.402,1601.771,54.105000000000004,,,5685.938,2056.279,1284.187,986.85,691.507,701.947,1230.16,243.31,898.794,10287.356,801.031,4779.055,5791.743,,10247.72,7319.561,773.952,156.545,1498.729,4732.594,2.14,1.98
2000-07-01,7140.402,4708.944,1667.073,58.542,,,5674.179,2076.268,1291.65,1011.116,704.159,715.187,1247.708,236.592,893.791,10442.351,776.963,4871.279,5903.946,,10318.165,7464.026,774.005,157.222,1519.657,4780.16,2.19,2.09
2000-10-01,7248.274,4805.227,1741.267,59.662,,,5662.216,2096.796,1306.215,1023.916,709.186,720.982,1258.695,234.779,898.621,10501.081,759.341,4897.955,5943.706,,10435.744,7556.664,766.993,161.654,1525.091,4828.1050000000005,2.67,2.22
2001-01-01,7370.392,4918.591,1749.724,64.386,,,5773.74,2111.058,1301.0,1050.987,723.414,736.102,1301.904,250.917,918.14,10679.421,751.482,4979.459,6050.126,46.3,10470.231,7673.477,751.676,162.629,1505.248,4849.279,2.35,2.34
2001-04-01,7552.4580000000005,5061.838,1784.249,66.683,,,5726.8150000000005,2098.359,1291.202,1048.972,723.429,736.889,1308.869,259.897,928.089,10732.106,764.468,4961.391,6040.919,,10599.0,7703.502,716.017,159.678,1473.585,4940.661,2.62,2.41
2001-07-01,7794.112,5204.313,1814.351,70.765,,,5807.464,1907.679,1104.283,881.709,722.041,736.117,1113.622,231.913,901.924,10718.673,694.937,4935.931,6024.567,,10598.02,7883.495,692.401,156.484,1452.58,4960.151,2.79,2.19
2001-10-01,7891.964,5311.785,1891.827,72.47,,,5943.439,2012.375,1210.806,1002.447,724.165,738.705,1231.793,229.346,908.958,10664.415,659.188,4937.759,6037.783,,10660.465,7755.9,685.974,151.823,1408.856,4969.335,3.12,2.26
2002-01-01,8083.8550000000005,5475.225,1883.516,76.092,,,6006.032,1865.637,1055.567,847.798,731.957,746.861,1075.158,227.36,915.01,10826.772,705.832,4945.871,6060.732,45.3,10783.5,7957.569,667.253,152.099,1374.027,4977.577,3.6,2.24
2002-04-01,8233.788,5618.347,1917.644,76.396,,,6126.469,1868.032,1051.808,836.653,739.888,755.264,1050.988,214.335,908.469,10967.337,768.231,4998.318,6129.14,,10887.46,8080.919,661.929,152.984,1357.267,4978.286,3.1,2.16
2002-07-01,8435.816,5805.274,1951.608,80.449,,,6228.236,1869.778,1047.885,825.298,742.024,758.096,1044.121,218.823,930.756,11051.742,831.287,5012.121,6156.9,,10984.04,8132.548,661.341,155.749,1348.884,4970.1900000000005,3.12,2.1
2002-10-01,8668.354,6016.313,1997.008,80.49,,,6405.707,1880.098,1057.477,819.583,743.831,760.783,1038.444,218.861,941.425,11197.272,922.151,5027.065,6193.688,,11061.433,8220.458,648.036,149.256,1331.215,4986.5960000000005,2.81,1.99
2003-01-01,8893.596,6191.637,1989.123,83.129,,,6460.776,1889.816,1062.924,803.492,749.106,767.146,1021.348,217.856,950.889,11245.795,939.402,5027.006,6213.197,44.7,11174.129,8285.363,644.287,149.954,1332.696,4979.322,2.84,1.98
2003-04-01,9251.907000000001,6423.53,2021.93,82.164,,,6670.121,1912.664,1074.61,812.905,758.601,777.813,1020.795,207.89,949.569,11377.023,939.08,5101.36,6307.294,,11312.766,8387.902,665.224,151.132,1366.842,4995.275000000001,3.03,1.83
2003-07-01,9489.001,6661.508,2059.675,83.311,,,6783.32,1840.186,994.708,716.5,767.21,787.734,950.666,234.166,991.136,11565.399,1002.684,5168.728,6393.691,,11566.669,8586.985,680.669,158.266,1392.121,5019.525000000001,2.79,1.73
2003-10-01,9749.49,6895.613,2102.9320000000002,82.366,,,6997.964,1941.796,1083.214,781.627,778.187,800.139,1021.343,239.717,1005.658,11734.357,1081.171,5255.981,6500.239,,11772.234,8652.611,692.293,160.579,1411.859,5022.043,2.86,1.77
2004-01-01,9987.146,7078.011,2096.472,85.403,,,7131.068,1952.066,1086.156,773.233,790.009,813.421,1012.259,239.025,1030.034,11916.004,1206.185,5274.461,6541.308,44.2,11923.447,8758.765,681.801,161.505,1401.83,5088.514,2.73,1.64
2004-04-01,10281.438,7330.378,2114.539,84.72800000000001,,,7274.335,2003.483,1122.2,792.41,803.473,827.997,1026.759,234.349,1040.266,12148.492,1268.751,5380.726,6668.454,,12112.815,8907.978,713.497,162.391,1445.457,5120.11,2.76,1.6
2004-07-01,10534.094000000001,7569.696,2164.875,87.14,,,7379.053,2062.813,1165.545,816.678,818.441,843.653,1064.383,247.705,1067.011,12376.076,1335.237,5492.772,6803.703,,12305.307,9009.501,734.204,169.338,1490.495,5167.362,2.51,1.56
2004-10-01,10880.689,7840.578,2220.119,86.074,,,7596.143,2093.96,1188.485,829.755,823.993,849.461,1091.579,261.824,1103.763,12540.611,1344.039,5536.095,6864.486,,12527.214,9192.274,758.084,171.838,1531.693,5253.078,2.64,1.41
2005-01-01,11119.337,8059.9220000000005,2204.974,89.425,14.799802,86.65598349592,7776.939,2242.79,1326.264,902.901,837.397,862.745,1172.277,269.376,1142.537,12750.057,1642.162,5574.624,6926.266,43.4,12767.286,9120.286,768.581,173.112,1568.306,5304.912,2.49,1.42
2005-04-01,11439.836,8339.411,2232.389,88.936,14.828576,89.18058623228418,7836.496,2272.008,1343.299,925.849,845.974,870.962,1196.293,270.444,1159.307,12964.763,1656.689,5637.841,7005.581,,12922.656,9261.799,786.904,178.866,1603.838,5395.944,2.41,1.55
2005-07-01,11756.79,8617.811,2278.385,91.715,15.139959,91.88490091416652,7932.71,2316.739,1374.911,949.527,859.786,884.222,1225.48,275.953,1181.014,13180.576,1709.452,5738.267,7122.646,,13142.642,9396.375,808.296,181.192,1643.13,5436.407,3.02,1.59
2005-10-01,12053.66,8902.867,2320.555,89.822,15.02855,94.17585434689244,8170.4130000000005,2387.286,1426.819,970.589,870.432,894.12,1255.774,285.185,1209.978,13489.392,1816.575,5814.784,7209.936,,13324.204,9556.135,815.793,181.364,1668.669,5535.493,3.04,1.64
2006-01-01,12451.007,9195.175000000001,2337.585,110.095,14.989443,91.52659312661052,8371.156,2482.895,1492.519,1025.547,895.088,917.854,1320.481,294.934,1237.306,13795.893,1854.762,5971.384,7379.713,43.1,13599.16,9783.858,850.152,183.935,1735.308,5624.399,1.77,1.61
2006-04-01,12806.844000000001,9505.630000000001,2349.611,109.60600000000001,15.044255,94.10931121341092,8420.042,2518.505,1518.932,1041.176,900.808,922.677,1351.258,310.082,1262.585,13973.084,1905.439,6012.628,7428.027,,13753.424,9906.546,857.64,187.034,1774.4,5753.281,1.92,1.62
2006-07-01,13092.387,9737.882,2411.4410000000003,110.459,15.367228,96.45870610035033,8506.974,2562.861,1557.724,1060.878,906.186,927.19,1358.615,297.737,1263.375,14125.037,1946.625,6061.887,7487.328,,13870.188,9992.332,867.41,191.207,1815.947,5803.469,2.2,1.74
2006-10-01,13347.39,9899.344000000001,2456.716,108.664,15.509711,98.37016850516808,8680.224,2590.85,1569.927,1095.786,920.646,940.82,1397.497,301.711,1269.334,14207.487,1867.629,6181.056,7623.638,,14039.56,10097.401,873.929,196.0,1849.549,5948.598,2.14,1.92
2007-01-01,13550.035,10078.056,2440.172,112.177,15.526607,95.15356581515448,8849.665,2659.486,1606.513,1146.001,940.949,960.377,1466.544,320.543,1311.676,14341.982,1803.019,6343.751,7805.987,44.2,14215.651,10267.697,886.253,203.154,1892.034,6058.935,2.35,2.08
2007-04-01,13857.677,10290.4,2476.966,111.854,15.63251,97.22074028015268,8867.677,2674.206,1619.091,1163.932,943.085,961.96,1495.933,332.001,1330.789,14511.372,1875.794,6370.332,7845.158,,14402.082,10406.081,897.845,203.96,1937.718,6275.383,2.32,2.29
2007-07-01,14060.077000000001,10469.725,2555.552,115.0,15.712123,98.85085583018116,9007.653,2666.732,1602.248,1179.259,946.742,965.292,1498.852,319.593,1316.311,14465.128,1786.175,6397.562,7885.205,,14564.117,10482.565,896.02,206.779,1967.377,6470.357,2.45,2.71
2007-10-01,14243.675000000001,10577.134,2609.477,115.657,15.846367,100.20711953987248,9229.172,2672.884,1602.775,1194.411,958.411,976.875,1508.627,314.216,1327.911,14529.241,1791.645,6473.921,7977.549,,14715.058,10602.17,893.612,211.667,1997.123,6641.937,2.8,3.1
2008-01-01,14412.057,10648.334,2602.0080000000003,121.10000000000001,15.775857,99.11033625933912,9437.594000000001,2638.949,1551.383,1201.739,970.186,988.755,1535.137,333.398,1336.122,14574.086,1623.619,6539.394,8054.87,44.8,14706.538,10733.994,885.403,221.31,2013.699,6759.162,2.95,3.68
2008-04-01,14362.914,10644.885,2620.453,122.355,15.326612,98.7840025457266,9492.006,2621.006,1528.239,1191.342,972.319,990.996,1552.464,361.122,1372.149,14617.898,1633.242,6532.655,8054.881,,14865.701,11061.837,871.824,224.825,2024.039,6892.162,3.26,4.37
2008-07-01,14471.484,10624.279,2643.813,131.0,15.546547,99.70642897524348,10024.725,2574.57,1494.271,1173.67,977.643,996.387,1497.496,323.826,1341.439,14711.004,1555.041,6547.155,8074.387,,14898.999,10964.447,852.11,226.912,2007.007,6951.827,3.7,5.26
2008-10-01,14163.728000000001,10540.066,2643.789,135.15200000000002,15.72136,97.85257128542268,10699.805,2493.677,1384.171,1139.774,977.84,996.611,1444.906,305.131,1286.515,14411.662,943.079,6517.178,8043.164,,14608.209,10912.439,772.186,222.283,1918.738,6919.403,4.28,6.6
2009-01-01,14109.797,10546.799,2578.1420000000003,146.888,15.5975,99.20764882011044,11126.941,2222.444,1144.195,921.233,945.963,964.737,1202.365,281.132,1254.106,14162.551,1297.893,6225.578,7730.374,43.7,14430.902,10830.42,683.537,220.584,1761.401,6860.156,4.76,7.99
2009-04-01,14084.462,10522.721,2548.873,154.26,15.251967,99.028992164,11545.275,2223.824,1102.464,855.509,952.555,971.24,1131.101,275.593,1248.261,14188.354,1394.694,6254.486,7761.958,,14381.236,10946.227,652.184,223.648,1684.966,6808.444,5.58,8.58
2009-07-01,14035.976,10454.666000000001,2558.7110000000002,183.213,15.08588,98.9994785209334,11909.828,2225.501,1104.113,841.998,950.272,968.794,1135.303,293.306,1271.962,14263.641,1588.807,6237.216,7746.527,,14448.882,10888.262,662.038,226.289,1656.037,6643.203,5.92,9.49
2009-10-01,14003.269,10406.753,2555.0170000000003,232.65,14.896385,98.95825750014676,12311.349,2296.492,1143.889,847.467,953.862,972.153,1140.741,293.274,1288.747,14530.841,1741.262,6279.158,7797.217,,14651.249,10988.307,683.287,233.659,1659.323,6478.01,5.75,10.41
2010-01-01,13951.256,10281.906,2493.0570000000002,247.758,14.51494,94.4970006262885,12773.123,2366.132,1213.369,903.375,960.645,978.597,1191.795,288.421,1285.073,14652.508,1827.302,6233.246,7767.627,42.5,14764.61,11096.944,719.807,227.614,1659.963,6446.963,6.6,11.48
2010-04-01,13892.945,10221.685,2478.453,264.795,14.069775,94.07695208477654,13201.792,2420.673,1257.379,935.221,971.744,989.472,1213.243,278.022,1287.2,14865.717,1823.027,6360.695,7910.633,,14980.193,11298.797,763.672,222.755,1715.746,6382.4130000000005,6.56,11.08
2010-07-01,13791.886,10125.257,2503.726,323.981,13.917807,93.58534385232215,13561.622,2483.29,1297.148,958.476,974.64,992.298,1256.304,297.828,1313.415,15136.173,1925.708,6422.53,7982.234,,15141.607,11381.992,804.497,225.567,1762.364,6427.052,5.48,10.65
2010-10-01,13770.903,9957.898000000001,2646.811,363.784,13.580863,93.49246709493504,14025.215,2514.962,1326.495,977.206,976.583,994.314,1289.139,311.933,1340.067,15263.709,1938.802,6473.571,8040.983,,15309.474,11498.297,820.133,229.601,1801.85,6375.802,4.91,10.33
2011-01-01,13791.693000000001,9927.045,2628.309,413.923,13.30846,90.0345486859544,14270.114,2566.855,1458.521,1111.389,898.31,916.21,1426.57,315.181,1350.391,15358.947,1798.958,6577.279,8170.086,42.4,15351.448,11711.593,839.817,237.012,1805.118,6412.008,4.39,10.37
2011-04-01,13741.131,9871.638,2653.077,430.571,13.057706,89.7431268820444,14343.087,2574.972,1476.191,1126.463,900.923,918.875,1445.862,319.4,1365.574,15573.082,1865.262,6608.231,8206.445,,15557.539,11803.352,854.272,245.104,1862.009,6502.934,3.43,10.55
2011-07-01,13689.022,9802.504,2702.175,472.791,12.944597,89.6827732540157,14790.34,2565.373,1471.733,1144.227,909.409,927.295,1471.428,327.201,1368.127,15700.283,1848.535,6681.614,8287.289,,15647.68,11921.125,904.533,254.462,1953.756,6605.863,3.67,10.5
2011-10-01,13662.548,9754.939,2756.225,494.759,12.749684,89.62130422170904,15222.94,2587.239,1507.169,1140.969,904.181,921.863,1470.904,329.936,1381.568,15863.772,1968.023,6637.603,8240.879,,15842.259,11987.448,926.474,262.445,2008.976,6714.524,2.97,10.25
2012-01-01,13659.299,9698.257,2745.041,531.393,12.237059,85.66107930687618,15606.518,2663.949,1529.118,1138.252,927.47,944.865,1468.324,330.072,1396.191,16274.824,2256.375,6836.284,8456.399,42.2,16068.805,12252.058,957.835,266.002,2073.366,6763.9580000000005,2.63,10.33
2012-04-01,13625.338,9636.201000000001,2790.468,558.492,12.034065,85.48782911230809,15855.037,2679.747,1556.654,1150.649,932.183,949.354,1487.683,337.033,1406.06,16379.664,2194.357,6875.985,8503.777,,16207.115,12364.177,984.355,272.325,2126.171,6837.568,2.53,10.45
2012-07-01,13588.89,9560.304,2850.453,602.207,12.083107,85.5405486051083,16066.24,2690.555,1575.77,1163.772,935.207,952.3,1510.004,346.232,1414.884,16329.29,2220.271,6906.053,8546.085,,16319.541,12301.844,984.294,272.038,2125.95,6974.927000000001,2.52,10.47
2012-10-01,13416.036,9506.994,2912.905,622.248,11.754033,85.37028230061001,16432.73,2769.018,1630.259,1212.867,956.976,974.121,1572.046,359.179,1441.843,16646.696,2190.469,7094.176,8763.19,,16420.419,12715.043,1007.118,277.879,2148.622,7193.984,2.45,10.03
2013-01-01,13438.344000000001,9469.164,2913.773,665.236,12.006598,81.99871746834768,16771.381,2984.538,1710.991,1273.533,1078.57,1095.858,1650.843,377.31,1483.006,16711.465,2191.813,7043.853,8732.585,42.0,16648.189,12254.043,1026.153,286.253,2175.318,7257.237,2.3,9.73
2013-04-01,13447.143,9432.022,2960.193,680.57,11.794391,82.13258652275456,16738.32,3244.746,1730.865,1296.406,1090.729,1108.227,1683.862,387.456,1496.714,16848.772,2181.01,7102.954,8819.553,,16728.687,12353.217,1025.121,279.384,2188.629,7419.374,2.15,9.31
2013-07-01,13465.239,9414.881,3030.297,720.0740000000001,11.837713,82.45624656596966,16738.18,3070.329,1753.758,1308.293,1093.598,1111.367,1676.332,368.039,1485.149,16946.988,2226.937,7112.863,8845.56,,16953.838,12447.306,1026.188,285.989,2230.759,7580.702,2.13,8.65
2013-10-01,13612.709,9395.044,3090.468,735.517,11.985283,83.46403209587294,17156.119,3245.665,1783.928,1333.169,1104.224,1122.309,1699.103,365.934,1489.898,17134.661,2280.899,7196.308,8942.457,,17192.019,12510.375,1063.537,290.71,2290.541,7687.311000000001,2.09,8.29
2014-01-01,13679.189,9372.694,3096.815,776.5500000000001,11.883758,79.97819756504455,17601.227,3262.838,1865.024,1369.11,1126.563,1145.001,1745.793,376.683,1511.156,17313.351,2251.736,7358.624,9114.238,42.1,17197.738,12714.402,1072.304,295.454,2335.499,7820.549,2.0,7.78
2014-04-01,13712.303,9353.141,3164.002,791.798,11.62114,80.39510169311042,17632.606,3295.831,1903.372,1389.003,1131.02,1149.73,1759.499,370.496,1525.181,17652.741,2377.615,7409.38,9172.447,,17518.508,12931.863,1101.386,301.302,2407.208,7938.575,2.0,7.43
2014-07-01,13649.365,9335.637,3242.945,833.02,11.646947,80.36194654456393,17824.071,3303.698,1900.394,1413.271,1142.5,1161.38,1799.758,386.486,1551.793,17928.908,2408.545,7503.016,9280.613,,17804.228,13089.117,1134.139,308.195,2465.578,8064.131,1.88,7.05
2014-10-01,13703.94,9341.508,3309.54,846.248,11.631993,80.74242430696057,18141.444,3315.298,1933.008,1443.522,1160.137,1179.092,1837.669,394.147,1569.18,18101.313,2379.115,7634.308,9433.535,,17912.079,13258.192,1128.514,309.656,2492.333,8235.111,1.82,6.52
2015-01-01,13754.994,9328.401,3307.103,887.282,11.556634,77.57707570374419,18152.056,3391.529,2017.75,1509.143,1175.203,1194.201,1905.569,396.426,1571.646,18212.948,2290.774,7746.184,9563.849,42.7,18063.529,13380.512,1139.214,311.071,2497.171,8425.367,1.75,6.22
2015-04-01,13861.547,9356.329,3377.741,901.363,11.485147,78.27861164252528,18151.998,3445.401,2045.283,1527.675,1187.038,1206.138,1943.891,416.216,1599.621,18381.066,2318.349,7830.788,9666.156,,18279.784,13487.843,1141.608,312.7,2510.545,8659.923,1.74,5.81
2015-07-01,13945.356,9375.482,3463.0660000000003,936.547,11.606488,78.9418201694452,18150.618,3446.663,2026.616,1540.862,1196.811,1216.101,1948.277,407.415,1601.009,18460.774,2234.367,7902.978,9751.718,,18401.626,13598.262,1155.625,316.58,2521.879,8772.622,1.75,5.41
2015-10-01,13937.185,9435.806,3400.23,949.665,11.738976,78.97701011205247,18922.179,3509.95,2013.189,1552.631,1204.072,1223.62,1965.813,413.181,1611.567,18497.179,2106.688,7957.979,9815.952,,18435.137,13664.797,1139.957,324.687,2500.42,8870.864,1.77,5.12
2016-01-01,14040.761,9460.44,3412.236,989.749,11.763247,76.93521369430309,19264.939000000002,3445.531,2001.701,1526.778,1211.024,1230.846,1925.301,398.523,1604.823,18592.063,2180.464,7992.71,9851.656,43.1,18525.933,13782.355,1132.464,335.765,2488.836,9060.032000000001,1.83,4.78
2016-04-01,14145.15,9498.292,3476.793,1001.136,11.766109,77.62574116320746,19381.591,3447.085,2011.666,1536.722,1217.034,1237.01,1943.994,407.271,1620.559,18630.413,2243.841,8039.211,9905.216,,18711.702,13841.829,1116.87,343.319,2511.643,9123.689,1.82,4.58
2016-07-01,14258.448,9541.363,3561.59,1036.653,11.769855,78.51733856601204,19573.445,3468.731,2036.51,1553.784,1228.045,1248.092,1972.517,418.734,1655.165,18800.88,2244.05,8119.315,9998.495,,18892.639,13968.109,1112.963,351.724,2543.679,9211.426,1.88,4.38
2016-10-01,14351.334,9591.93,3636.438,1049.2930000000001,11.865818,79.0604363756255,19976.827,3481.343,2034.647,1574.5,1241.521,1261.516,1993.195,418.695,1662.829,18984.656,2291.483,8213.718,10109.063,,19089.379,14123.3,1116.828,360.832,2571.821,9170.176,2.11,4.14
2017-01-01,14479.108,9664.615,3630.424,1087.035,11.723758,76.0959458701516,19846.420000000002,3482.184,1943.31,1579.976,1262.726,1282.56,2004.238,424.262,1688.771,19237.015,2324.533,8310.984,10224.281,43.3,19280.084,14353.057,1126.307,369.359,2603.148,9351.966,2.19,3.91
2017-04-01,14605.134,9723.509,3682.7090000000003,1098.281,11.756991,76.88206770310165,19844.554,3467.749,1982.371,1600.122,1275.138,1294.889,2012.301,412.179,1687.784,19405.93,2310.962,8402.114,10335.907,,19438.643,14538.77,1147.226,378.807,2640.229,9497.571,2.1,3.68
2017-07-01,14709.26,9783.508,3749.183,1133.577,11.818444,77.63755538672554,20244.9,3512.179,2021.546,1623.213,1290.295,1310.092,2055.065,431.851,1726.238,19601.627,2371.175,8518.258,10478.366,,19692.595,14692.113,1165.64,387.227,2668.855,9566.468,2.21,3.64
2017-10-01,14853.297,9852.345,3830.785,1145.579,11.816704,78.62529764788064,20492.747,3552.878,2051.989,1649.082,1309.095,1329.081,2123.711,474.629,1788.011,19932.229,2173.803,8666.283,10658.933,,20037.088,14871.77,1200.639,396.389,2732.168,9766.226,2.23,3.57
2018-01-01,14974.094000000001,9916.567000000001,3819.876,1181.633,11.644589,74.89724433320706,21089.643,3514.225,1987.756,1597.314,1328.896,1349.09,2071.599,474.285,1802.373,20204.957,2269.424,8762.541,10783.04,43.2,20328.553,15133.06,1220.546,406.838,2810.324,9887.281,2.22,3.48
2018-04-01,15086.411,9989.389000000001,3858.174,1191.632,11.598389,75.50581232806583,21195.07,3552.722,2017.635,1607.217,1338.673,1359.026,2058.107,450.89,1796.563,20470.2,2365.255,8843.404,10891.035,,20580.912,15349.067,1222.023,419.506,2846.516,10275.050000000001,2.23,3.22
2018-07-01,15207.499,10063.309000000001,3934.565,1224.371,11.619573,76.31689744523825,21516.058,3632.415,2039.255,1624.814,1355.158,1375.708,2085.264,460.449,1822.208,20760.836,2313.748,8969.02,11042.029,,20798.73,15563.066,1227.106,428.905,2870.365,10359.931,2.28,2.98
2018-10-01,15331.891,10121.618,4007.042,1236.272,11.66641,76.95711645593826,21974.096,3633.016,2069.109,1627.818,1363.708,1384.327,2081.643,453.824,1833.377,20936.314,2321.84,9024.33,11113.516,,20917.867,15770.966,1240.806,435.859,2898.677,10523.606,2.25,2.83
2019-01-01,15438.524,10175.756,3994.4700000000003,1269.5710000000001,11.49991,73.94043400700326,22027.88,3652.348,2079.842,1681.871,1396.024,1416.85,2155.386,473.515,1878.828,21211.258,2328.232,9221.96,11329.137,43.4,21111.6,15997.305,1249.844,433.21,2932.41,10768.898000000001,2.24,2.69
2019-04-01,15604.751,10254.843,4052.107,1278.347,11.626991,74.88776101179319,22023.283,3679.518,2088.037,1686.705,1403.532,1424.283,2217.737,531.032,1958.878,21369.395,2355.181,9273.32,11388.885,,21397.938,16074.939,1263.133,442.637,3000.782,10911.851,2.25,2.6
2019-07-01,15758.596,10330.399,4124.148,1310.988,11.646611,75.8319589507416,22719.402000000002,3708.594,2110.233,1699.755,1410.303,1430.902,2195.306,495.55,1946.395,21557.692,2382.038,9329.009,11453.042,,21717.171,16222.056,1241.745,451.805,3031.12,11084.87,2.36,2.44
2019-10-01,15904.894,10391.32,4192.191,1319.2450000000001,11.727653,76.73049295553965,23201.38,3776.86,2173.772,1736.162,1428.15,1448.601,2226.222,490.06,1933.92,21793.424,2436.478,9476.285,11615.381,,21933.217,16363.691,1208.882,461.752,3010.301,11165.603000000001,2.3,2.34
2020-01-01,16000.522,10462.087,4113.119,1350.598,11.591159,77.45634149736085,23223.813000000002,3791.218,2159.532,1754.972,1453.243,1473.516,2251.852,496.88,1932.238,21753.36,2272.882,9627.586,11779.787,44.5,21751.238,16516.203,1149.198,472.588,2965.479,11989.138,2.28,2.35
2020-04-01,15990.814,10525.953,4062.466,1355.7740000000001,9.739844,77.48874809797769,26477.241,3534.511,1977.89,1621.811,1383.622,1402.92,2112.109,490.298,1846.651,19785.283,2139.236,8998.157,11052.048,,19958.291,18086.128,1018.188,470.088,2736.487,12452.853000000001,2.25,2.54
2020-07-01,16175.155,10663.806,4107.62,1379.411,10.05851,78.69784131432228,26945.391,3797.575,2170.988,1736.714,1432.911,1452.796,2250.59,513.876,1986.214,21278.878,2908.079,9434.455,11570.35,,21704.437,17601.13,1121.038,475.41,2852.508,12310.27,1.97,2.84
2020-10-01,16353.81,10783.195,4149.026,1380.988,10.389381,79.9596870683535,27747.798,3943.357,2288.481,1850.263,1469.709,1490.314,2378.34,528.077,2019.496,22201.274,2771.498,9801.172,11990.383,,22087.16,17330.27,1161.565,494.712,2938.775,12279.638,1.5,2.75
2021-01-01,16558.215,10922.086,4132.49,1410.1100000000001,9.051457,72.74260136181726,28132.57,4135.342,2465.136,1993.654,1486.365,1507.577,2544.23,550.576,2072.634,22666.12,3057.735,9878.561,12089.519,43.5,22680.693,19680.548,1184.076,510.612,3002.811,12484.705,1.53,2.68
2021-04-01,17234.909,11379.473,4350.229,1413.926,9.841025,75.76191590114496,28529.436,4368.834,2644.988,2093.933,1521.593,1543.564,2667.848,573.915,2196.815,23341.793,3436.928,10170.653,12403.872,,23425.91,18449.207,1209.181,528.315,3078.401,12707.800000000001,1.22,2.47
2021-07-01,17537.436,11591.929,4425.093,1436.411,10.009588,77.22057772916654,28428.919,4523.14,2740.565,2176.058,1558.723,1581.373,2741.064,565.006,2225.174,23960.834,3459.252,10450.533,12703.766,,23982.379,18486.877,1189.132,539.449,3096.193,12867.971,0.97,2.3
2021-10-01,17875.125,11814.482,4512.72,1436.356,10.228796,78.83963979912036,29617.215,4689.041,2849.597,2246.847,1604.566,1627.789,2838.884,592.037,2343.328,24782.51,3513.3,10760.148,13036.331,,24813.6,18586.976,1202.881,554.153,3171.559,13177.755000000001,0.91,2.29
2022-01-01,18257.865,12074.002,4542.22,1454.955,10.472393,72.92352598005726,30400.96,5075.112,3222.172,2595.453,1645.801,1669.324,3259.164,663.711,2446.509,25355.538,3510.866,10891.988,13178.929,42.7,25250.347,18374.35,1262.651,575.858,3314.956,13484.317000000001,1.0,2.09
2022-04-01,18648.975000000002,12333.949,4659.127,1457.1000000000001,10.684739,74.3296692330721,30568.582000000002,5134.788,3271.182,2600.369,1668.035,1691.516,3297.558,697.189,2494.188,25911.036,3761.262,10994.798,13293.804,,25861.292,18615.769,1292.185,595.628,3438.72,13684.614,1.08,1.96
2022-07-01,18959.378,12530.238,4754.287,1479.134,10.567838,75.56457209091677,30928.912,5149.418,3277.537,2626.148,1711.999,1735.273,3223.287,597.138,2417.077,26428.685,3653.009,11278.061,13611.62,,26336.304,19130.891,1320.649,611.122,3547.608,13737.545,1.32,1.84
2022-10-01,19200.295000000002,12654.112000000001,4858.439,1487.313,10.736945,76.36867578086019,31419.689000000002,5102.764,3240.805,2599.384,1723.02,1745.525,3193.131,593.747,2422.414,26524.802,3504.201,11326.228,13689.164,,26770.514,19521.072,1347.576,621.515,3636.96,13782.477,1.63,1.79
2023-01-01,19316.696,12742.688,4851.985,1499.651,10.564109,71.66575337540226,31458.438000000002,4751.995,2900.169,2265.621,1745.3,1766.955,2825.27,559.649,2397.802,26980.543,3755.682,11479.233,13888.304,42.7,27216.445,20283.388,1369.42,636.09,3756.575,13958.612000000001,1.77,1.74
2023-04-01,19460.603,12841.466,4906.6720000000005,1490.108,10.577002,72.26968340434712,32332.274,4769.417,2891.709,2262.625,1770.381,1791.788,2810.488,547.863,2384.931,27229.058,3776.656,11641.555,14092.49,,27530.055,20651.018,1411.625,638.386,3854.267,13983.109,2.07,1.72
2023-07-01,19614.274,12959.731,4927.944,1463.067,10.747842,72.91361487154595,33167.334,4835.547,2921.203,2282.401,1800.459,1822.411,2840.684,558.283,2416.843,27615.625,3903.375,11836.167,14334.489,,28074.846,20894.643,1411.241,645.436,3871.644,14013.326000000001,2.39,1.72
2023-10-01,19734.888,13029.438,4988.226,1462.19,11.096141,73.50767488269241,34001.494,4926.546,2959.161,2303.629,1823.923,1847.093,2866.53,562.901,2450.569,28117.423,3985.235,11972.686,14514.289,,28424.722,21168.04,1426.351,658.537,3941.343,14076.821,2.63,1.7
2024-01-01,19858.53,13101.725,4956.363,1488.625,11.058904,70.02180522407227,34586.533,5045.84,3033.756,2343.044,1866.319,1891.325,2903.38,560.337,2473.686,28468.437,4054.707,12149.527,14739.681,42.7,28708.161,21575.36,1440.602,671.394,3963.752,14249.889000000001,2.8,1.71
2024-04-01,19986.593,13207.167,4980.854,1484.906,11.01936,70.56498176924894,34831.634,5146.498,3098.577,2383.776,1892.815,1919.366,2957.586,573.81,2507.609,28861.12,4151.237,12317.156,14943.68,,29147.044,21843.211,1478.522,687.423,4012.411,14416.028,2.92,1.73
2024-07-01,20138.62,13312.216,5027.763,1515.691,11.138759,71.15225002367907,35464.674,5210.115,3141.087,2423.389,1914.205,1941.835,3019.086,595.697,2542.587,29117.284,4121.23,12458.403,15115.734,,29511.664,22002.573,1515.723,702.928,4069.186,14590.349,3.0,1.74
2024-10-01,20232.02,13394.548,4947.2300000000005,1517.974,11.122486,70.98704093535315,36218.605,5313.193,3202.119,2462.759,1937.616,1965.905,3072.921,610.162,2582.442,29560.027,4389.468,12626.63,15309.147,,29825.182,22249.49,1502.17,710.239,4046.39,14548.273000000001,2.97,1.77
2025-01-01,20389.237,13480.225,4962.5380000000005,1539.518,11.105381,67.95052793590538,36214.30952079646,5392.717,3246.051,2538.295,1973.972,2002.581,3154.026,615.731,2615.887,29895.65,4006.211,12788.686,15510.885,,30042.113,22563.684,1579.108,726.021,4137.819,14721.208,3.0,1.77
2025-04-01,20578.920000000002,13601.41,4995.650000000001,1545.278,11.124241,68.54846214249969,36211.469,5603.74,3455.06,2571.887,1982.852,2011.835,3200.922,629.035,2644.477,30244.878,4026.153,12860.022,15610.334,,30485.729,22786.61,1625.035,745.934,4207.512,14852.217,2.87,1.78
2025-07-01,20771.77,13719.61,5039.626,1573.31,11.229451,,37637.55259555763,5793.596,3612.566,2629.633,2008.474,2038.0,3268.364,638.731,2660.803,30789.434,4284.913,13049.321,15836.859,,31098.027,23001.219,1669.428,765.536,4293.474,15016.177,2.88,1.78
2025-10-01,20931.778000000002,13788.341,5098.821,1578.036,11.322759,,38514.009,5898.479,3705.97,2654.122,2020.534,2050.782,3311.701,657.579,2724.641,31199.94,4538.634,13136.593,15949.561,,31422.526,23113.194,1701.302,781.603,4364.412,15169.385,2.8,1.79
2026-01-01,21113.848,13858.562,5072.102,1606.6680000000001,11.164138,,39065.421,5872.497,3645.437,2563.116,2055.9,2086.97,3219.83,656.713,2758.307,31574.222,4753.448,13246.211,16082.502,,31865.721,23429.553,1783.079,797.647,4490.516,15518.986,2.65,1.88
2026-04-01,21377.787,14010.942000000001,5120.258,1605.134,,,,5980.631,3736.828,2571.417,2074.353,2106.06,3263.468,692.052,2830.805,32245.142,5208.36,13365.233,16224.289,,32486.066,23642.22,1864.836,816.63,4623.356,15707.842,2.66,1.86
