target,dose_share_of_total_wage_bill,saturated,delivered_share,wage_lost_bn,payroll_tax_loss_bn,OASDI_loss_bn,HI_loss_bn,income_tax_loss_bn,total_fiscal_loss_bn,payroll_share_of_fiscal,mortgage_payment_exposed_bn,rent_payment_exposed_bn,effective_payroll_rate,effective_income_tax_rate
bottom_Q1,0.05,True,0.03244,342.81935,52.45136,42.5096,9.94176,28.77901,81.23037,0.64571,222.2272,215.38611,0.153,0.08395
bottom_Q1,0.1,True,0.03244,342.81935,52.45136,42.5096,9.94176,28.77901,81.23037,0.64571,222.2272,215.38611,0.153,0.08395
bottom_Q1,0.25,True,0.03244,342.81935,52.45136,42.5096,9.94176,28.77901,81.23037,0.64571,222.2272,215.38611,0.153,0.08395
bottom_Q1,0.5,True,0.03244,342.81935,52.45136,42.5096,9.94176,28.77901,81.23037,0.64571,222.2272,215.38611,0.153,0.08395
bottom_Q1,0.75,True,0.03244,342.81935,52.45136,42.5096,9.94176,28.77901,81.23037,0.64571,222.2272,215.38611,0.153,0.08395
middle_Q3,0.05,False,0.05,528.38386,80.84273,65.5196,15.32313,55.99011,136.83284,0.59081,86.79819,75.9312,0.153,0.10596
middle_Q3,0.1,False,0.1,1056.76772,161.68546,131.0392,30.64626,111.98022,273.66568,0.59081,173.59637,151.86239,0.153,0.10596
middle_Q3,0.25,True,0.14255,1506.46602,230.4893,186.80179,43.68751,159.63243,390.12173,0.59081,247.4688,216.48611,0.153,0.10596
middle_Q3,0.5,True,0.14255,1506.46602,230.4893,186.80179,43.68751,159.63243,390.12173,0.59081,247.4688,216.48611,0.153,0.10596
middle_Q3,0.75,True,0.14255,1506.46602,230.4893,186.80179,43.68751,159.63243,390.12173,0.59081,247.4688,216.48611,0.153,0.10596
top_Q5,0.05,False,0.05,528.38386,67.83278,52.50965,15.32313,89.10916,156.94195,0.43222,54.46344,16.94958,0.12838,0.16864
top_Q5,0.1,False,0.1,1056.76772,135.66557,105.01931,30.64626,178.21833,313.8839,0.43222,108.92689,33.89916,0.12838,0.16864
top_Q5,0.25,False,0.25,2641.9193,339.16392,262.54826,76.61566,445.54582,784.70975,0.43222,272.31722,84.74789,0.12838,0.16864
top_Q5,0.5,False,0.5,5283.8386,678.32785,525.09653,153.23132,891.09165,1569.41949,0.43222,544.63444,169.49579,0.12838,0.16864
top_Q5,0.75,True,0.51219,5412.67586,694.8677,537.9001,156.9676,912.81938,1607.68707,0.43222,557.91441,173.62865,0.12838,0.16864
