occp,S_text,S_original,S_rank,P,employment
10,1.0,0.4231,0.2238,0.1318,1868279.0
20,1.0,0.4167,0.1757,0.2203,1508976.0
51,1.0,0.4665,0.5209,0.158,736175.0
52,0.9062,0.3959,0.0889,0.1037,660538.0
102,0.9062,0.4402,0.3042,0.361,152463.0
110,1.0,0.4846,0.5907,0.1777,704959.0
120,1.0,0.5096,0.6997,0.0929,1678045.0
136,1.0,0.4652,0.5169,0.1237,336836.0
140,0.75,0.4523,0.4177,0.3152,380984.0
205,1.0,0.3807,0.0635,0.478,736235.0
220,0.9375,0.4104,0.1326,0.3933,1342333.0
230,0.875,0.4054,0.1148,0.1971,1282072.0
300,1.0,0.4484,0.4031,0.254,262009.0
310,1.0,0.4564,0.475,0.4377,1153852.0
350,1.0,0.5449,0.8826,0.171,932432.0
410,0.375,0.4474,0.4017,0.2118,750715.0
420,0.875,0.4542,0.4375,0.2008,621260.0
440,1.0,0.4352,0.2984,0.2126,5633049.0
530,0.9688,0.5063,0.6744,0.111,367301.0
540,1.0,0.4723,0.5637,0.2396,431244.0
565,1.0,0.4518,0.4155,0.2433,414737.0
600,1.0,0.5134,0.7164,0.0647,183866.0
630,1.0,0.4546,0.444,0.2156,1208633.0
640,1.0,0.5378,0.8398,0.1257,89133.0
705,1.0,0.4906,0.6072,0.1595,1156666.0
710,1.0,0.4529,0.4341,0.1017,1300246.0
725,0.4375,0.4425,0.3528,0.3645,208606.0
750,0.4062,0.4472,0.3962,0.1482,759000.0
800,1.0,0.568,0.9181,0.1562,2042418.0
910,1.0,0.4862,0.5956,0.1312,381376.0
940,1.0,0.5489,0.8898,0.1182,164025.0
1006,1.0,0.5293,0.7924,0.1992,664907.0
1007,1.0,0.4909,0.6085,0.1723,243770.0
1010,1.0,0.5597,0.9062,0.1508,349972.0
1021,1.0,0.5106,0.7133,0.1323,2387203.0
1108,1.0,0.5273,0.7751,0.1661,1068411.0
1220,1.0,0.5085,0.6784,0.0755,223745.0
1305,0.6875,0.4846,0.5869,0.1968,266758.0
1360,1.0,0.4442,0.3604,0.1314,582696.0
1400,1.0,0.523,0.7608,0.1762,68773.0
1410,0.625,0.4822,0.5837,0.2317,322160.0
1450,1.0,0.4867,0.596,0.2158,66654.0
1460,0.8438,0.4718,0.5584,0.2293,409831.0
1530,0.7812,0.4582,0.4836,0.257,785806.0
1600,0.3125,0.4514,0.4123,0.3153,41183.0
1745,1.0,0.4224,0.2135,0.152,57728.0
1760,1.0,0.5383,0.8441,0.1998,465125.0
1840,1.0,0.3954,0.0847,0.0807,48383.0
2002,1.0,0.4485,0.4056,0.1072,458278.0
2003,1.0,0.371,0.0384,0.0618,40289.0
2015,0.4375,0.4186,0.1815,0.3017,106781.0
2040,0.75,0.4108,0.1356,0.1118,561997.0
2050,1.0,0.3923,0.0834,0.1652,89913.0
2100,1.0,0.3884,0.077,0.0947,1446171.0
2300,1.0,0.41,0.1253,0.3368,1063842.0
2310,1.0,0.441,0.3447,0.2432,3877746.0
2320,0.625,0.4114,0.1438,0.3018,1499020.0
2330,0.6562,0.4114,0.1466,0.3041,510560.0
2350,0.875,0.4437,0.3573,0.1237,341158.0
2435,1.0,0.5168,0.7247,0.23,263777.0
2545,1.0,0.4332,0.2665,0.2521,2003955.0
2600,1.0,0.5206,0.7528,0.3375,401822.0
2633,0.6875,0.4717,0.5561,0.5058,86994.0
2740,0.5625,0.523,0.761,0.5281,26235.0
2752,0.6562,0.5525,0.8933,0.3722,230050.0
2830,1.0,0.4674,0.5221,0.1923,170390.0
2861,1.0,0.5139,0.717,0.2142,123922.0
2910,0.3125,0.4204,0.2122,0.4232,275500.0
3000,0.375,0.4572,0.4775,0.5243,78921.0
3110,0.5312,0.424,0.2251,0.4384,199738.0
3160,0.6562,0.4143,0.1655,0.5203,342192.0
3220,0.5625,0.5575,0.9033,0.515,139036.0
3230,1.0,0.4,0.1002,0.191,227747.0
3245,0.8438,0.4043,0.1071,0.3377,307752.0
3255,0.5312,0.4466,0.3891,0.3944,4279663.0
3258,0.875,0.42,0.2102,0.3762,337805.0
3300,1.0,0.619,0.9937,0.4208,384081.0
3310,1.0,0.5367,0.8376,0.5098,246056.0
3323,0.5,0.5332,0.8004,0.5233,274266.0
3324,0.625,0.569,0.9191,0.4522,60244.0
3421,0.6875,0.5851,0.9708,0.4438,492624.0
3422,0.2812,0.4607,0.5049,0.3782,169743.0
3424,0.4062,0.4393,0.3032,0.548,198540.0
3500,0.4688,0.5168,0.7284,0.4978,668208.0
3515,1.0,0.5369,0.8388,0.2412,219472.0
3545,0.6875,0.4635,0.5141,0.3726,162766.0
3601,0.125,0.5165,0.7233,0.5295,704760.0
3602,0.5,0.4701,0.5548,0.487,2025577.0
3603,0.5312,0.4956,0.6338,0.5082,1570871.0
3620,0.9375,0.4408,0.3236,0.5206,156308.0
3640,0.75,0.5217,0.7594,0.4855,406633.0
3645,0.8438,0.5089,0.6849,0.4002,780564.0
3646,1.0,0.562,0.9069,0.2533,68611.0
3720,0.0938,0.3563,0.0179,0.5323,64254.0
3740,0.0625,0.4062,0.1173,0.6648,403021.0
3820,0.2188,0.4516,0.4132,0.3275,174920.0
3870,0.0,0.3656,0.0348,0.5043,984259.0
3930,0.625,0.4938,0.6164,0.3518,1252786.0
4000,0.4688,0.5015,0.6638,0.5282,612522.0
4010,0.75,0.5487,0.8889,0.451,562307.0
4020,0.4688,0.5334,0.818,0.4932,2864163.0
4030,0.5312,0.593,0.9779,0.4542,1254931.0
4055,0.75,0.4986,0.6441,0.4377,1384857.0
4110,0.7188,0.5176,0.7469,0.5027,2668996.0
4120,0.75,0.5237,0.7628,0.5115,296614.0
4130,0.5625,0.5156,0.7195,0.531,420218.0
4140,0.625,0.5428,0.8771,0.4977,457559.0
4150,0.6562,0.5049,0.6721,0.4073,496515.0
4200,0.5312,0.5172,0.7324,0.4848,270864.0
4210,0.3438,0.3646,0.0295,0.5752,178339.0
4230,0.375,0.5817,0.938,0.5202,1751946.0
4251,0.3125,0.4527,0.427,0.4857,1525107.0
4500,0.4062,0.4982,0.6362,0.5135,154979.0
4510,0.4062,0.4749,0.5723,0.5423,965342.0
4600,0.5625,0.3967,0.0963,0.4226,1339118.0
4621,0.75,0.4277,0.2277,0.564,345379.0
4622,0.5938,0.4004,0.1023,0.3862,379599.0
4700,0.9688,0.4602,0.5034,0.372,3407854.0
4710,0.9688,0.4789,0.5817,0.2223,1204408.0
4720,0.875,0.5394,0.8677,0.4022,4341146.0
4760,0.625,0.4556,0.4687,0.3765,3958551.0
4800,1.0,0.4041,0.1054,0.1105,127320.0
4810,1.0,0.4421,0.3493,0.1123,735181.0
4840,1.0,0.4618,0.5097,0.1592,869503.0
4850,1.0,0.4133,0.1636,0.2521,1390664.0
4920,1.0,0.3258,0.0102,0.1719,1226596.0
4930,1.0,0.4313,0.2407,0.1363,57160.0
5000,1.0,0.4697,0.5433,0.2305,1480855.0
5110,1.0,0.5292,0.7887,0.0977,545813.0
5120,0.9688,0.5829,0.9465,0.1732,1548344.0
5140,1.0,0.6217,0.9949,0.1667,208358.0
5150,0.6875,0.5121,0.7139,0.1743,49725.0
5160,1.0,0.5805,0.9283,0.3632,285535.0
5240,1.0,0.5838,0.9681,0.2767,3788955.0
5310,1.0,0.5476,0.8855,0.1938,280178.0
5320,0.875,0.5417,0.8729,0.3518,146494.0
5360,1.0,0.5284,0.7849,0.1365,125343.0
5400,0.7188,0.5275,0.7839,0.2195,1616602.0
5510,0.4688,0.4465,0.3658,0.5065,821941.0
5550,0.8125,0.5189,0.7493,0.5377,431214.0
5560,0.875,0.7025,1.0,0.5542,67940.0
5610,0.875,0.4949,0.6237,0.4985,721690.0
5630,0.4375,0.576,0.9255,0.4865,87709.0
5710,1.0,0.5086,0.6807,0.2183,329375.0
5740,1.0,0.5004,0.6605,0.1872,2643766.0
5810,1.0,0.6024,0.9865,0.2658,375370.0
5820,1.0,0.5304,0.7927,0.1805,46460.0
5840,1.0,0.5969,0.9819,0.149,286152.0
5860,1.0,0.5551,0.9026,0.2162,1710727.0
6050,0.25,0.4281,0.233,0.6073,968718.0
6200,0.75,0.3605,0.0229,0.5134,778701.0
6220,0.2812,0.3697,0.0375,0.7133,167228.0
6230,0.3125,0.432,0.2491,0.6408,1466865.0
6260,0.3125,0.3782,0.0591,0.6583,2436476.0
6305,0.125,0.3913,0.0824,0.6063,480365.0
6355,0.3438,0.3766,0.0458,0.6787,1157113.0
6360,0.3125,0.404,0.1047,0.6395,54599.0
6410,0.3125,0.4328,0.2553,0.6296,715652.0
6442,0.25,0.364,0.0283,0.5921,745349.0
6660,0.4062,0.3578,0.0186,0.372,136758.0
6765,0.625,0.3925,0.0837,0.5841,66894.0
6800,0.3438,0.4114,0.1468,0.677,39631.0
7000,0.8438,0.4186,0.1809,0.5058,308485.0
7150,0.5312,0.4585,0.4843,0.6142,138249.0
7200,0.5625,0.4685,0.5335,0.6537,1043466.0
7210,0.4375,0.3912,0.0798,0.6912,362817.0
7220,0.375,0.3689,0.036,0.6922,175774.0
7240,0.5625,0.3428,0.0112,0.6422,55130.0
7300,0.3125,0.3982,0.0977,0.6242,35514.0
7315,0.3438,0.4719,0.5614,0.6205,552716.0
7340,0.5625,0.4291,0.2386,0.658,1020806.0
7410,0.125,0.3227,0.002,0.707,149847.0
7430,0.4688,0.4748,0.5669,0.4462,81708.0
7700,0.75,0.4681,0.5277,0.4583,912063.0
7800,0.6875,0.5427,0.8746,0.524,317290.0
7810,0.4688,0.5982,0.9834,0.5723,277547.0
7905,1.0,0.6109,0.9886,0.5365,101290.0
8030,0.8125,0.6326,0.9981,0.5935,409836.0
8130,0.6875,0.4862,0.5935,0.5153,65971.0
8140,0.6562,0.5342,0.8358,0.5372,723094.0
8300,0.7188,0.5946,0.9789,0.5213,181412.0
8320,0.6562,0.6249,0.9959,0.4843,162955.0
8610,0.8125,0.4243,0.2258,0.5307,113480.0
8710,0.8125,0.6153,0.9892,0.5866,78255.0
8740,0.875,0.5095,0.6906,0.476,1032033.0
8760,0.5625,0.6169,0.9898,0.4845,107887.0
8800,0.8125,0.617,0.9916,0.578,327763.0
8810,0.6562,0.5382,0.8408,0.5155,174754.0
8950,0.8438,0.5762,0.9261,0.6052,107444.0
9040,0.9688,0.4792,0.582,0.3303,51036.0
9050,0.8125,0.4085,0.1192,0.5083,148227.0
9122,0.4062,0.4571,0.4768,0.4612,322215.0
9130,0.7188,0.4192,0.2069,0.5765,4666861.0
9141,0.1875,0.3845,0.0681,0.473,112789.0
9300,0.3438,0.3526,0.0175,0.6213,50064.0
9600,0.6875,0.4497,0.4109,0.6395,831387.0
9610,0.5312,0.4468,0.3921,0.5803,534964.0
9620,0.4375,0.4404,0.3228,0.6124,3408226.0
9640,0.9062,0.5705,0.9233,0.5383,743755.0
9645,0.625,0.534,0.8316,0.571,2396951.0
