class,sipp_var,balance_total_bn,balance_working_core_bn,working_core_share_of_balance,working_core_share_of_holders,n_unweighted_holders
mortgage,mortgage,10403.28183205708,8861.18117848291,0.8517678672491328,0.7895962095444391,4914
vehicle,vehicle,899.8666346333364,738.418278081812,0.8205863509793216,0.7918724617818692,3785
student,student,1159.3000431003834,1066.4067037289099,0.9198711844062014,0.8784429428071966,2032
credit_card,credit_card,539.4581712243214,428.83735854610586,0.7949408896204923,0.7515908298343108,4987
other_unsecured,other,255.2141468662326,175.10377312191653,0.6861052777520795,0.7311508479335435,1128
medical,medical,217.95836377775464,139.519192178862,0.6401185518217846,0.7429825608839925,1991
all_debt,all_debt,17578.009477495703,14569.062636150227,0.8288232325054955,0.7307063271670117,9503
unsecured_total,unsecured_total,2170.9255504056723,1808.9277863161592,0.8332518754400084,0.7425152544269427,6690
secured_total,secured_total,15407.70558977072,12760.756512514756,0.8282061490704177,0.77204035795741,6979
