s,kappa,basis,grid_boundary,analytic_boundary,censored_frac
0.01,accrual,accrual,0.044,0.042720349067442064,0.0
0.01,accrual,cash_flow,0.044,0.042720349067442064,0.0
0.01,cash_flow,accrual,0.052000000000000005,0.05097778031037041,0.0
0.01,cash_flow,cash_flow,0.052000000000000005,0.05097778031037041,0.0
0.01,counterfactual,accrual,0.029000000000000005,0.027927276834407478,0.0
0.01,counterfactual,cash_flow,0.029000000000000005,0.027927276834407478,0.0
0.02,accrual,accrual,0.0905,0.08925460967800722,0.0
0.02,accrual,cash_flow,0.0905,0.08925460967800722,0.0
0.02,cash_flow,accrual,0.10900000000000001,0.10743396049815032,0.0
0.02,cash_flow,cash_flow,0.10900000000000001,0.10743396049815032,0.0
0.02,counterfactual,accrual,0.05900000000000001,0.057464022274294146,0.0
0.02,counterfactual,cash_flow,0.05900000000000001,0.057464022274294146,0.0
0.05,accrual,accrual,,0.2576400202614609,1.0
0.05,accrual,cash_flow,,0.2576400202614609,1.0
0.05,cash_flow,accrual,,0.32020656236585104,1.0
0.05,cash_flow,cash_flow,,0.32020656236585104,1.0
0.05,counterfactual,accrual,0.15899999999999997,0.15725984747402605,0.0
0.05,counterfactual,cash_flow,0.15899999999999997,0.15725984747402605,0.0
0.1,accrual,accrual,,0.6942224123858585,1.0
0.1,accrual,cash_flow,,0.6942224123858585,1.0
0.1,cash_flow,accrual,,0.9423853327444343,1.0
0.1,cash_flow,cash_flow,,0.9423853327444343,1.0
0.1,counterfactual,accrual,,0.3735145036453722,1.0
0.1,counterfactual,cash_flow,,0.3735145036453722,1.0
0.15,accrual,accrual,,1.5957779704839268,1.0
0.15,accrual,cash_flow,,1.5957779704839268,1.0
0.15,cash_flow,accrual,,2.678002251317448,1.0
0.15,cash_flow,cash_flow,,2.678002251317448,1.0
0.15,counterfactual,accrual,,0.6899765202717194,1.0
0.15,counterfactual,cash_flow,,0.6899765202717194,1.0
0.2,accrual,accrual,,4.561584852616222,1.0
0.2,accrual,cash_flow,,4.561584852616222,1.0
0.2,cash_flow,accrual,,57.12583876622183,1.0
0.2,cash_flow,cash_flow,,57.12583876622183,1.0
0.2,counterfactual,accrual,,1.1987071407303433,1.0
0.2,counterfactual,cash_flow,,1.1987071407303433,1.0
0.25,accrual,accrual,,2590875758767751.5,1.0
0.25,accrual,cash_flow,,2590875758767751.5,1.0
0.25,cash_flow,accrual,,7867705285799045.0,1.0
0.25,cash_flow,cash_flow,,7867705285799045.0,1.0
0.25,counterfactual,accrual,,2.1603624451834555,1.0
0.25,counterfactual,cash_flow,,2.1603624451834555,1.0
