judgement_call,debt_only_ratio,move_pct
CENTRAL,0.521628,0.0
THE ONE-STEP RULE: business classes take the indirect share,0.601954,15.4
federal receipts: the 77.7 percent upper bound,0.573726,9.99
commercial mortgage treated like multifamily,0.558783,7.12
multifamily treated like commercial mortgage,0.498615,-4.41
treasury coefficient on the alternative receipts vintage,0.511171,-2.0
mortgage backing: the superseded A38 definition,0.515007,-1.27
state and local: all personal current taxes,0.525528,0.75
mortgage backing: SIPP balances,0.518115,-0.67
rent backing: the A38 definition,0.52073,-0.17
other consumer: the card share alone,0.52126,-0.07
