exposure_type,dose,delivered,R,inside_observed_data_range,displaced_wage_bill_bn,wage_income_fall_bn,demand_shortfall_bn,output_fall_pct_of_gdp_case_B,case_A_fiscal_loss_bn,case_B_fiscal_loss_bn,case_B_over_A,case_A_surplus_bn,case_B_surplus_bn,case_A_break_even_tau_k,case_B_break_even_tau_k,second_round_wage_loss_bn
embodied,0.05,0.051,0.5662,True,681.6252,295.689,133.0601,0.4135,40.7674,66.8244,1.6392,681.6252,548.5651,0.1306,0.1926,55.2704
embodied,0.1,0.1021,0.5246,True,1364.5869,648.7246,291.9261,0.9073,98.6735,155.8411,1.5794,1364.5869,1072.6608,0.1431,0.2161,121.26
embodied,0.25,0.2524,0.2745,False,3373.3765,2447.3846,1101.3231,3.4228,497.8741,713.5453,1.4332,3373.3765,2272.0534,0.2184,0.3848,457.4668
embodied,0.5,0.3366,0.0,False,4498.7263,4498.7263,2024.4268,6.2918,1035.5453,1431.9871,1.3828,4498.7263,2474.2995,0.301,0.6496,840.905
embodied,0.75,0.3366,0.0,False,4498.7263,4498.7263,2024.4268,6.2918,1035.5453,1431.9871,1.3828,4498.7263,2474.2995,0.301,0.6496,840.905
cognitive_AIOE,0.05,0.0577,0.586,True,771.172,319.2652,143.6694,0.4465,41.5329,69.6675,1.6774,771.172,627.5027,0.1246,0.1818,59.6773
cognitive_AIOE,0.1,0.1154,0.5711,True,1542.3441,661.5114,297.6801,0.9252,89.9649,148.2594,1.648,1542.3441,1244.664,0.1291,0.1899,123.6502
cognitive_AIOE,0.25,0.2694,0.5042,True,3600.5849,1785.17,803.3265,2.4967,282.4316,439.7464,1.557,3600.5849,2797.2584,0.1492,0.228,333.6852
cognitive_AIOE,0.5,0.4745,0.3379,False,6341.7874,4198.8974,1889.5038,5.8724,814.9496,1184.9696,1.454,6341.7874,4452.2836,0.1993,0.3369,784.8608
cognitive_AIOE,0.75,0.4745,0.3379,False,6341.7874,4198.8974,1889.5038,5.8724,814.9496,1184.9696,1.454,6341.7874,4452.2836,0.1993,0.3369,784.8608
cognitive_GPT,0.05,0.0536,0.5838,True,716.3747,298.1552,134.1698,0.417,39.0647,65.3391,1.6726,716.3747,582.2049,0.1253,0.183,55.7314
cognitive_GPT,0.1,0.1341,0.5565,True,1792.2733,794.8732,357.6929,1.1117,112.3691,182.4158,1.6234,1792.2733,1434.5804,0.1335,0.198,148.5782
cognitive_GPT,0.25,0.2682,0.4967,True,3584.5466,1804.1023,811.846,2.5231,289.2591,448.2422,1.5496,3584.5466,2772.7006,0.1515,0.2325,337.224
cognitive_GPT,0.5,0.5364,0.2603,False,7169.0933,5302.9783,2386.3402,7.4165,1088.5963,1555.9113,1.4293,7169.0933,4782.753,0.2226,0.3961,991.2363
cognitive_GPT,0.75,0.5364,0.2603,False,7169.0933,5302.9783,2386.3402,7.4165,1088.5963,1555.9113,1.4293,7169.0933,4782.753,0.2226,0.3961,991.2363
